Genes	healthy30.1	healthy30	healthy12	healthy18.1	healthy18	healthy24.1	healthy12.1	healthy24	High_TPM
AT1G01060	0.3042448448015493	0.09968396300539492	15.111714694154658	715.2919222722079	600.1074576403132	11.610955350547322	21.15195157481176	14.058188415272234	1
AT1G02930	193.382147126324	349.8669615570259	663.3895400882133	168.10613052285876	140.0159726623342	535.614161434637	895.9765805962787	700.1271652452609	3
AT1G03130	259.5682995205649	312.3742859744301	764.5723929548834	1882.1285164645667	1877.5138204824093	3755.7796106130922	545.1364863322553	2987.5980681598967	5
AT1G03600	412.2678330485521	499.84861849671853	467.3047906159818	648.2073613094361	724.3483874557019	546.2718435827758	341.14340357855684	415.2940782039341	2
AT1G03680	408.56615856935326	391.79495781665497	859.6806317350853	743.4616778875197	737.1447916465091	624.6774353006508	924.9628184944473	609.9768527465848	5
AT1G05010	1517.909521149597	2502.038979151546	731.5126568346134	213.0603165078822	208.6287881164653	442.5384749491277	1048.0139917924894	665.3435908048269	5
AT1G06570	636.8675445725307	973.5809622893432	29.28848744384773	113.33829864783488	76.76662004896373	75.90043415240372	37.73972779385117	74.44246116821539	2
AT1G06680	1364.7198951012494	2326.6360870946464	2872.045050011921	4444.972143304171	4613.850276548026	4981.640782665965	2359.6771390306685	3831.6649178264283	8
AT1G07600	510.0812379862635	638.5991956114092	618.1412349991018	1324.6322721941112	1353.3353742309018	1322.37191035053	806.3339926208888	1689.4536055900198	6
AT1G07890	336.91835603611037	204.28716588327998	600.8949705548048	330.1349363499099	304.69968598527777	699.1748453111952	662.5246495361374	825.4089796007237	3
AT1G08380	290.50046368276	312.5786371075655	1799.093094207005	2930.1326225760217	3088.279234441509	5980.082141880341	1223.159372055071	4735.3638159418815	6
AT1G09310	145.29381588411766	123.97039149224169	2437.1818209061066	2202.798357892005	2319.24083968698	4057.6823139881517	2198.969363914633	3620.9857462544733	6
AT1G09340	152.16569632790743	135.7014551477909	885.2539606150111	891.4189135034796	989.4850581696879	497.6952045752512	819.312668779717	396.9405702908728	4
AT1G10960	217.12389726603303	130.76439683998524	600.0208585392294	714.5792921966298	784.8446654290967	646.6922464006228	583.6968437027283	498.767401787172	3
AT1G11260	759.0634774025377	1136.4817083236242	69.76005105828953	22.942174712570942	26.54482227230808	86.86099217846001	61.33629236283908	138.69617976263083	2
AT1G11860	604.5577989186933	536.1168821271691	1509.3300599257132	1345.4634994649566	1393.8288961594055	707.2579225459058	1425.7513067492873	561.3989358396518	5
AT1G11910	659.0561476894757	769.673369297104	356.93181527511916	335.47483801593575	256.1593229193811	278.7598641451645	357.79341182640695	376.2222025617188	2
AT1G12090	711.086476101406	346.8706954001554	280.5398477260342	139.13945928684436	144.63213596981242	1453.0944267438986	143.32651476280716	781.049174949874	3
AT1G12440	857.1587063262671	951.589599154784	131.8559617171251	141.4851172473572	122.5713084140446	94.70573354969406	134.21542693981993	120.19017663086092	2
AT1G12900	366.85222313053976	291.8138566685717	1434.179391352287	1915.2015603494165	2072.782019313004	1122.0368071373387	1235.92845924443	790.7279832746425	6
AT1G13440	537.0786694251372	540.1877638167387	476.4356809708077	635.2823974655051	835.9733549550203	484.8486004557485	346.66252328099336	761.2990383202624	3
AT1G13930	320.59711871532954	182.11386741409746	569.3106202493221	471.4384146663834	359.9857129978572	1963.2712589108191	497.5174140334928	1513.0178978351914	2
AT1G14880	24.02434899141589	51.00496107109373	1338.1450288491526	110.24942956135399	207.97155737429853	785.6742202708534	851.6202744469348	1399.9936990893661	4
AT1G15125	960.9951796445233	1495.9343240851215	79.16760018304026	65.53806067486806	48.292160009923194	86.69029250460758	169.60483147905487	127.7827932935182	2
AT1G15820	289.6593826303079	330.4010885512584	828.9793409320912	2626.098507376885	2748.148519589316	5498.256183515157	424.8247616169936	3881.676074552459	5
AT1G19570	197.74142668447843	344.5245821088952	371.4130931363988	195.85858879793946	200.88876247993758	908.3748116764312	604.5828163436676	867.8189886450423	2
AT1G19960	3.048122011554916	21.971367846009606	1007.8243628113756	549.9340718866973	480.78791258489866	1206.9683927234908	959.540599731129	1578.5270574098652	4
AT1G20020	322.43826985957367	382.91633311549555	968.4358836363645	763.5328889791775	804.507365259573	549.9988028375292	936.7259306195584	468.515801575194	4
AT1G20340	2332.0466134832527	2273.0603782099925	6815.8203791077185	9043.773156665247	9610.164276380709	6057.199854709696	5715.966602513055	4819.141699158153	8
AT1G20440	336.76645705605216	677.5330274199953	366.5875050898566	130.11108203905556	105.18761477482404	506.0745398178385	356.34848528662906	438.5842877451043	1
AT1G20450	121.77524266094211	294.54926831605843	427.1657117741021	213.8589938542701	213.48718370091797	872.743480087296	412.2697311862357	678.544197033708	2
AT1G20620	3407.66315496899	6884.767297711073	888.98524478768	387.3344029285485	332.20803189660813	2307.994841538603	723.4587948509312	2894.6759258297147	6
AT1G21130	513.6488904175636	718.0879088844646	474.22135895822635	170.23713751795188	130.88860333784152	444.7587737306773	494.5845704161948	542.0332956490713	1
AT1G21250	87.62230620784386	110.11801864172922	555.5832943674196	103.51800238210257	138.32662661347888	608.4050733508703	475.4282620986438	1052.5443459768173	1
AT1G21680	498.74272808584055	672.8759150072011	149.84630905087863	63.71206646322958	69.73589148168388	54.48536891917527	136.47026780817407	54.66615373159175	1
AT1G21770	643.8288462244302	692.3265538998952	248.95214327270568	183.66589234312764	171.3380411921911	195.9584007475159	209.03800709185444	247.79501131918727	2
AT1G23130	6519.101466148985	6005.155908660235	3672.7192025220006	4212.343329228694	3805.910564178035	2753.448814313013	3655.3836694316838	3720.2578219466172	8
AT1G23310	1551.7093243190493	1840.4290119819652	2711.132043564155	3410.824853115174	3288.8601273709155	2038.6216350125671	2733.032661656669	2089.8178178478875	8
AT1G27020	904.3481612265506	929.1046564185702	132.93035351615256	64.06842265687347	39.25740903438907	7.203624831915485	362.6135409037226	30.69292584010977	2
AT1G28330	2672.4925396046524	2870.0533981098674	128.06614246568873	38.69307913267843	19.876746266826785	6.763107222361832	158.40883317496494	11.046781183846393	2
AT1G29395	185.31415782383357	634.9797538532731	147.4718233888132	56.28848544797546	43.659813756050454	294.0674480335615	173.9535903966913	206.8717878455838	1
AT1G29910	257.7986561638384	585.3199916945849	195.7483672630793	1903.6623796598942	2094.5232629114253	7233.142613527654	63.83961074996811	4359.058083099704	4
AT1G29920	29.36010914114996	74.98490545526465	66.11766755047715	5320.611683343255	5269.8816875633975	8606.324240428996	23.02095054317032	5790.892890041626	4
AT1G29930	14902.684462911473	20401.128001852343	7736.768886247499	17957.721565803848	21313.942564015702	23032.322994868446	3481.580226264169	15011.597536455496	8
AT1G30250	115.26203200320394	40.25090301393541	738.1522206982588	606.2376986431425	551.926953266936	311.80368791674437	979.4427377800147	296.36370733737664	2
AT1G30380	307.3591494670335	337.23236597876263	1682.642732559574	2525.8477530466585	2662.5723812032197	3315.3124605577136	1254.450457042743	2380.6268220811653	6
AT1G31330	1087.1291442502943	1552.7139979026929	2281.5700191860237	4496.162609814065	4505.372641641354	7238.7698756853715	1741.9586422631915	5651.6376281403645	8
AT1G31580	1171.4973532545082	1714.1001384654849	10363.373154011353	6027.016154312213	6902.640509747228	9083.33662457133	10548.802195298504	13283.183798615402	8
AT1G31812	936.312366958493	911.7663702212869	397.8907583990904	395.2228895008821	376.4097222793959	362.3548952598141	446.68542067201577	430.6068922762979	2
AT1G32060	881.4438690343318	889.3605129834616	2502.447777818001	2885.662440954511	2826.670486407349	1464.7954272116745	2309.7931411030595	1330.7890877749194	8
AT1G32460	820.2070251522772	674.0333027567117	204.3895521619051	141.97174286331963	116.74916826079712	228.10498149189843	296.29983168611784	244.05826514796956	2
AT1G32470	475.0868964494117	380.74406487054733	1079.3646616187787	991.2592610514023	1006.0312313147971	405.85394699887763	1107.5900421323656	340.0885800676448	4
AT1G32900	0.6676838691977436	1.1508811728862174	50.66657998833146	1049.8290975927134	755.6649656893285	167.32844430242218	82.34129225179568	221.55570467968465	2
AT1G35710	34.58555449142132	84.83070548899923	592.0531363050733	129.9064501898751	263.5061463535124	547.5567522973275	595.2080223856271	978.3937757030287	1
AT1G37130	64.66287067990864	86.68827375719488	683.5041580645767	1919.2733133360568	2283.749761317093	383.86054071304284	570.3773687996115	715.0901466428566	4
AT1G42970	621.3233991679243	594.9366179829716	2954.074588710487	2869.1946233725153	3095.0880397206347	1534.7828932092527	2792.9245917375765	1360.8584641406605	7
AT1G44575	94.25407217229778	80.1532061681343	1565.3742148641209	2348.3111338542344	2343.2803427603485	1767.94984642493	1595.3663918116324	1495.7616212169619	6
AT1G47128	737.5760950987379	718.4763992238344	628.4401474191851	548.6852059972393	449.2466416663305	473.54140006968515	655.380858947364	537.1945191149604	4
AT1G48300	1299.0879960755185	1591.8504858070505	690.2145425492606	594.8559347091281	415.76205417022055	374.7906843616568	845.5722932471713	428.271167079544	4
AT1G51200	1524.674133768288	1509.6295949203027	782.9059569879871	905.2564300120513	695.9545696477138	471.1467253753424	967.4847425318573	505.71509213648835	6
AT1G51400	275.6332494560941	354.17463622264137	568.5707461256608	943.1517500662708	946.7925844434527	1654.0214598386897	367.76388846990966	1143.1783072917785	4
AT1G52230	194.02455162513542	134.1085961605693	1397.7653188090655	2405.9003491705953	2508.1293811775367	3220.181638949689	937.4469652374902	2434.399047193154	6
AT1G52870	103.26376204258005	148.77612753458087	646.3790845225474	838.1835105351568	646.9079516077785	547.9383155067501	740.5687733057688	515.1353377746718	4
AT1G54410	5005.803664531713	3787.762361562435	2708.100329761698	2401.832930330978	2264.8046556938	2340.643854491889	2147.6606460895605	2516.664904112031	8
AT1G54780	107.14086051171238	83.82975832620646	516.8150446240393	727.1248234472009	724.8326191251352	919.5503235273096	532.5565593747292	782.9843448668718	4
AT1G55670	75.0671041976102	103.75232764461613	493.26542673287634	758.0787790794467	790.85375821958	1037.5876020279368	415.08603826083163	706.5092121953218	4
AT1G56220	2219.948762553382	2350.489896999064	263.4928026004868	171.58745991028323	153.3171997523049	261.63358348491755	298.5585808490672	271.76440001626554	2
AT1G56280	1709.6650612678159	1657.1174319167733	567.4752120508157	571.5798026325358	455.9805977510409	396.8604579076477	652.7958656891657	394.5411190357681	3
AT1G59870	488.26020897475473	613.2254448683492	756.9582460892592	221.21164558526303	252.19829614438117	734.9249269821277	792.5791118422253	1206.960739509475	4
AT1G60950	1998.5656370393124	1711.5758748689166	5447.036202294567	7666.9360050087525	8383.504651617244	3336.873730864475	5363.399790661018	2655.423639605125	8
AT1G61520	2332.696884083341	4392.3550844630045	1648.1524038980062	4157.958645605723	4217.378514033113	9529.770148253428	1223.1746180748896	7795.32656582427	8
AT1G62180	93.90085713227808	25.212679620370192	112.1440769231538	779.1062333782922	813.207381641551	108.44539959735648	98.65219187522527	140.89925375942738	2
AT1G62380	1067.3174384069223	345.7215970345188	90.65201882923719	99.59941913615508	83.12193177847179	107.50615422037147	80.55693539264864	159.4698219948461	1
AT1G62480	2892.5545730051867	1345.6128829775944	16.7530148178809	7.406769706942455	7.855290124649946	11.502091598706574	6.532533260014918	11.926394040728367	2
AT1G62750	301.40604576480166	279.3938423116578	604.7313325998604	708.2499897912669	743.5879735783086	342.65140800339714	610.6824081959272	327.0647921308078	2
AT1G64230	1045.7423132924343	992.4551749911104	373.5768094044875	456.51455057774314	391.62545322214714	195.34131691031243	399.88881997558747	186.53247502468787	2
AT1G64360	667.7766968337543	1014.7614929376904	592.5242643921055	695.5548397697478	514.4494846280977	538.7662475480153	674.5943815020943	784.8364683051989	5
AT1G64370	1521.774306103985	1131.6547647701045	1715.558153263516	1710.9152274234336	1697.035510249835	1383.9609528748342	1761.2988717810904	2072.960528447828	8
AT1G64500	34.97728858787755	29.511000511323875	152.50121194791177	644.3942008205063	581.4810147383607	69.39954024888151	164.8096854217211	64.74270477732793	1
AT1G64720	2112.7188545443937	2553.939811790904	1157.267790819581	1740.0486321707606	1708.7946063624756	893.8790486509532	1131.525727351954	719.8907971661637	8
AT1G65930	751.4739983425827	915.2761201002072	207.02019378343343	269.56081720824403	337.97275758491435	83.20165971911986	195.20560429105242	117.13038848128821	2
AT1G66200	300.73519923598843	304.76802451101054	519.8889482848713	731.5156738303363	687.088756073601	277.94579356157084	575.1197447805903	337.8325448380984	2
AT1G67090	12290.818409891785	9801.626617755717	24767.53890812044	29718.509666785874	36543.76895975571	12931.04090650166	23438.856143766603	10957.659391018886	8
AT1G67740	890.97981490387	848.1588131795822	1567.9103611606479	2810.5894431435536	2846.350065409596	3008.876344974457	1577.7404891147135	2554.1706711237507	8
AT1G67865	3047.892829448784	3066.337725445095	1924.5619249286256	2725.1022698955194	2565.3425650623317	1756.867392280094	2137.262604806468	2695.208126967233	8
AT1G67870	834.5382249696631	750.5770770202919	642.4389614441033	777.9396512992012	847.1311833914134	493.1154516588621	584.557076375978	688.5704923588547	6
AT1G68010	611.3440642237115	757.3671965906174	822.2904998455521	971.868473176326	933.9045647898159	667.8118585039513	813.6794731164293	647.7014609911954	7
AT1G68520	813.2759609899686	655.5701074666263	552.5080170124296	250.12060125820247	269.11139377472597	181.2328446084446	742.8813747063845	230.63263317396888	3
AT1G68530	325.2133045733576	170.76890366166515	632.2630493713302	510.35700252586633	468.59777944796275	603.7166315554857	703.8173796061096	671.7647641768192	3
AT1G70760	237.571887018242	200.9650016961597	611.6125319156438	607.3000086382834	590.479670568992	364.69905003466255	623.6431676036651	291.3037688824963	1
AT1G72150	1205.0204246491744	1316.256667221072	291.80141010582895	141.7446822873158	109.02513923692601	469.4947957692427	256.9507627333973	557.715473115803	2
AT1G72610	2835.68061653906	442.69377695198096	5494.674394399749	3182.0065094756687	3788.146443070516	2230.172179391717	3921.281214691495	2376.540869928034	7
AT1G72930	38.91798639753152	39.961476196325656	404.39468861271	178.98735025511172	204.42434916161704	635.5603174487459	335.4913180410864	817.7766003094297	2
AT1G73600	2.073502746668056	1.9049015865670633	185.84551483252616	517.7437724908876	548.7887796045884	786.3164850539339	230.21413682662555	1096.0961437180056	2
AT1G73885	883.5869290418367	886.6714504779068	648.7313316482556	720.2878696229094	663.1588237912832	430.89503583186223	771.2401904610457	387.6960192973459	6
AT1G74470	482.053438523253	643.6583510385957	826.7032981216981	1377.4336614563058	1451.916086372785	1174.192787711255	581.8019184954284	851.1689426556276	6
AT1G75040	17.798521386489593	23.703225773836497	694.418657308733	30.00541875811912	620.9928432218327	504.4397446996125	210.72174918491982	511.83345590817567	1
AT1G75380	539.4190713666047	475.52509148348776	815.8345523086331	374.0821462254461	232.15834724743718	822.4821537287004	1116.225501428666	995.7940439391383	4
AT1G75460	153.18646975633132	103.838056947603	438.80242837019165	438.6118885208249	397.15021411846817	790.6861506786522	447.09777048403856	562.6564930504913	1
AT1G75750	5871.878625649132	1645.0720865800747	770.2810145851773	228.2207504580188	246.99805059071858	92.76251119439765	616.3793110804028	121.0484776511956	3
AT1G76180	564.500044558529	706.3594027403792	708.0321557646446	443.73215888406526	324.96168896695895	1216.8294359140652	714.0210772574444	1171.837554001799	5
AT1G76490	827.8034812428015	835.6037200911478	133.16766766083632	132.30676669400083	124.50476626687164	88.62125343660665	124.66839243101343	86.4366151642564	2
AT1G76960	0.626656607541601	10.445665459209232	813.7552258614444	200.97383710679335	328.60442296914164	1669.6972069416697	807.8141419320856	2579.880371425547	4
AT1G78020	1277.8950427166249	823.8929030888161	1305.8303284804874	949.3135456955388	830.8479939533597	230.6421017083072	1551.7248458059753	272.4673532177039	6
AT1G78460	702.6182504235071	726.3106456523748	125.64761113410673	93.5507217333384	64.42848534929234	152.56547913001359	192.2431216518676	153.999563050905	2
AT1G79040	6002.801184563355	7678.1858542102	7631.625956037486	9771.717407722092	8734.63224633177	10018.598584926829	8514.78689630352	8886.564526644044	8
AT1G79850	459.4681060750994	325.92170124428884	527.2904022807386	553.3608382505561	648.5649795223802	307.0841436258453	579.1142580505287	282.25799229723793	1
AT1G80180	1444.5216246126286	1405.7554378658995	239.89167593396144	272.2225338022329	206.48936409566826	251.3691797735521	267.61976784633447	275.3688552119611	2
AT1G80920	1978.1893522588073	2529.534248403543	98.01198345473934	70.48876619716928	58.29788921447254	737.538336219279	113.76578509591377	871.857162611652	4
AT2G05070	57.177859210040204	82.49795716868181	65.2274927300904	1598.2801862515164	1813.6463760626195	5021.696379566998	12.439440931369624	3228.355802992044	4
AT2G05100	27.97178365063725	35.0210120030397	72.98058549681775	3167.701838204633	2891.03541728692	4576.918524478676	23.306135317327236	3535.573914127896	4
AT2G05380	1430.0743921107583	832.187525452192	57.75701232173312	26.335251477874756	25.82024485584651	55.00129058950765	80.67119378070626	73.03891242403331	2
AT2G05520	1708.0565561596386	1334.5149386551705	2538.929264023097	1523.8565564322464	1821.8604814175892	1574.8656778443217	3101.271822764483	1719.6235101236014	8
AT2G05620	435.08612892206526	386.33096546824305	649.0062558579892	1250.541112486377	1094.935619379275	526.2973652729551	763.3821703642975	502.9137363119638	4
AT2G06520	2044.4189777500476	1882.824161248323	5707.333231294292	6404.543761368162	6731.353560957018	8387.289580140532	5393.261586463273	7088.304492368793	8
AT2G10940	567.0491168756148	70.74318230751014	486.9378209271669	471.4702277721711	718.1325477001915	167.41057977569497	194.24307964928033	46.84275056664502	1
AT2G13360	5677.388045270338	6804.889007127385	2872.242730967054	2716.9135647474272	2321.606639166751	2529.2173217869945	2989.001350801865	2272.6913610376027	8
AT2G14560	2.615939135645143	35.164119705966364	1085.893229724939	121.46641122415859	122.91971873301351	854.6202412468028	748.673224220813	1860.8302775245513	4
AT2G14610	1.5724438948497583	17.159076409719802	365.2623917637059	3.727239184250431	250.60650771601058	614.8916892390306	71.04753986494767	622.7767875820156	1
AT2G15890	1129.5569385348333	1578.515605562297	185.15710453007182	12.646908128629049	14.324965412988966	104.76856368372937	241.74703452649018	129.37395834410796	2
AT2G15960	6403.596325941618	7105.71037793641	331.81102655401844	113.0213604947323	99.74049344661543	408.3047755467319	360.5921137116497	213.10784223416871	2
AT2G16600	929.4770084660192	1087.2264403027966	1361.5219086444615	349.79497116744733	464.2591063391423	1422.7945121692171	1169.5034229866153	1967.169591775311	6
AT2G20260	878.5689414807954	1007.9523752014752	482.8875880698664	529.1214599644114	532.236073057721	697.9156572080271	457.25934710206263	586.9698916793444	3
AT2G20670	503.3789019234917	880.5948126297151	2.090437844274628	16.040216507733	13.924343548906064	28.57713957621897	1.8996825183612995	16.643464966188198	1
AT2G21330	334.5150333406289	414.2060914616281	1900.2107613612088	3466.517837706108	3391.716145515601	1330.8909878485147	1885.6450867125054	1259.1331705024154	6
AT2G21660	4949.660270013326	6019.678369840583	341.54211756691717	95.89121495595144	99.00039408470228	84.0954810282792	320.5163002575346	152.27449534144253	2
AT2G21970	207.76859113696065	156.68991315945166	737.2001817744031	609.9651339256295	530.3706130516088	334.7708541849796	911.145078842796	350.077423329786	2
AT2G22430	525.0724463999098	587.2933444065308	386.0161146962765	245.1173359595244	188.6308437715633	869.079198570126	449.7359168510041	839.7973494066027	2
AT2G23090	740.8500711579522	674.0825559031682	294.02229142658786	280.21601307923913	247.76943155956874	290.50208447914787	316.60991066030084	332.89692103974807	2
AT2G25510	768.5158688707608	1018.1374921499097	6890.080719666678	2451.025167289726	3764.219820842107	5692.794771894808	6670.886927960443	8279.425715712678	8
AT2G26080	164.5276588960771	100.28191022346742	416.8303099157342	726.6345197129435	654.2756366604693	349.5604353004791	441.23930542447215	411.86799702857513	2
AT2G26500	3847.99484553948	3923.333989690797	3158.6626432166577	3186.4700248897548	2996.5378136900126	1893.7630597151651	3491.547680641005	1589.0026980851385	8
AT2G26740	797.1015592378936	1075.7911248616633	142.51091953533475	116.62833616102104	102.88633635196396	123.76039405033589	175.15372318787314	146.9646022417457	2
AT2G28910	747.2933364064363	733.1388773777479	321.0446263802348	374.1342251434081	330.2524376729707	308.7492716237316	363.07420664366236	293.0114451823091	2
AT2G29450	33.19383455206173	23.25131579722621	257.3730450850604	242.5910989464746	308.03191705206524	785.5023534033058	370.1101982119784	317.66431794326536	1
AT2G29630	808.8304373006224	1007.1545140603833	1741.9580394189154	1205.4600982565794	1055.4374062373663	376.4184823779705	1979.1752246393307	419.8913212270228	6
AT2G30570	654.9185623041142	756.6670049008411	2513.4390230915724	3712.784868776563	3602.1742634948423	4799.7920596821095	2563.788563585133	3868.347613802696	8
AT2G30860	701.6881598118802	717.1362089837637	896.6818727072937	483.94190486850573	595.1104122397519	684.1986359691559	905.9837417571422	1068.5633901206388	6
AT2G30870	646.1020466020877	484.3776784774798	698.0422840783708	268.6732691977357	295.91588549365736	379.0650446950405	981.7918995434537	381.8625334469091	3
AT2G30950	378.02737982297515	421.2560684186181	622.9360412244619	678.1943769126831	717.5742923191813	795.6056951330321	659.2530570579096	870.7111498366666	6
AT2G31880	83.0162202056662	144.4346093882374	449.6375891691015	109.35092754391546	202.21183653459892	502.74747928573305	365.5430920419513	920.3711600550406	1
AT2G33830	3739.889652385384	4307.708012773124	134.70446922632854	19.54538374538723	13.097971528429213	20.384882591229342	124.06958297303312	37.4854147956419	2
AT2G34420	11765.841000429386	22193.965119001048	1415.059690974372	7880.8913457919725	7431.702464027962	19465.76843903675	1082.4210365047397	17294.532373463633	8
AT2G34430	10549.225736095204	15769.893431988501	331.6253893532796	102.97231130601078	144.0617435889508	2555.072075509442	99.4190900995077	1065.335198020118	4
AT2G35370	804.7814330015294	695.9162114613886	1655.8996623348316	1410.0366163429287	1368.0807065684098	622.3974303022569	1713.008589734735	552.1648718825517	7
AT2G37220	749.6370397648244	771.6952523592881	712.9753688993463	605.5991760966425	784.0736876773075	422.2029757103098	760.4262617761798	354.94695282086366	5
AT2G38230	459.89418764660695	866.2616775461563	394.0561281087578	581.608020992203	533.6553720693098	387.1367409668128	448.12910574014273	345.0478921057501	1
AT2G38540	47.094033960038146	54.64817257617186	533.3458175698993	379.2857386695848	523.4056738073256	918.8041102859294	364.49784171401774	518.1780183924653	1
AT2G39570	809.1695519207135	800.7262817729293	171.68091459496574	139.56593699568967	86.70853470546524	50.32096454937014	205.15256423652943	48.205861241772006	2
AT2G39730	1503.3850478201646	1805.383954004551	10320.107333431795	15918.571367122273	15627.290457991072	7512.491882681425	10228.944378020278	6929.2287130316345	8
AT2G41090	510.21853523817236	477.88316541233286	3133.095470265174	1276.3509164949796	1334.3764178813526	2239.0472943580576	2901.3615730836177	3059.8841997082286	6
AT2G41100	547.2030814709062	821.1958622606186	341.10988393653685	88.11123326755778	106.68251617999735	403.3419622986432	424.49520596361305	465.81635031724136	1
AT2G41430	4946.598892844985	4868.198900987655	1609.7539480579724	727.4952899812821	455.3422708265351	1977.6423501051113	2181.1375855206484	2137.713439618896	7
AT2G43970	605.4696161718851	623.334958768721	657.2491411407942	509.98842018928065	498.94891863917366	468.48028381172963	762.8888104013647	594.9614448056086	3
AT2G45180	11520.352951227269	7484.316861761711	2408.3453162931823	1744.3479382292019	1706.0358555974967	2489.708506428624	3604.2224953109935	2936.5984585932324	8
AT2G45960	704.9988454833424	744.6330455676431	733.1620829862637	2079.260670081785	2150.683132119179	733.5128568155993	641.6631539185457	646.8572211858367	8
AT2G46220	864.2590467646322	1056.27715892579	132.18740927729948	152.45770377571864	178.54072718146043	332.20013189394183	109.63342878235235	286.8921822297303	2
AT2G46600	599.1704964625308	1285.625048174333	382.1860469388365	147.99332055112006	212.29388080793566	520.2111350136437	366.34946678771814	534.3857623947682	1
AT2G46820	316.82128331134874	313.86809450710257	949.7343456890077	1374.7050301280926	1369.3912028982118	1560.9519940484383	939.9607683677956	1139.0515674515693	6
AT2G46830	0.15649091471044407	0.2256024817003777	8.965753343942328	649.6161623370459	555.5250195807007	43.976068102490025	13.845214244410537	40.47083123385754	1
AT2G47400	3256.543885785008	3445.691150118808	2268.5300321340774	2059.081978530003	2022.737207097361	1967.0746839750257	2600.570383510701	1820.564050317185	8
AT3G01500	229.72046787182452	319.6547262360204	2469.5158736934986	2150.9405055435845	2691.911497245836	947.8218292914037	1590.3234490991697	513.8964165079238	5
AT3G02380	182.77176425646263	122.39901567903156	19.813526046680483	781.6500997001789	743.2580220090541	28.384538804011946	21.686008234694686	20.346207188268696	2
AT3G02470	3325.5260311351185	2942.166283038295	1186.569466333177	1760.1059336468666	1836.8902794233893	902.3799177228025	1553.5285727343985	1019.8976102778863	8
AT3G02730	104.02131785029594	71.11748485940173	812.9991196619533	773.8492535538716	731.6111015960503	787.2305335321962	919.4459903639018	787.0457319807962	6
AT3G08580	479.2880196508622	414.06404812167517	882.7550115575705	629.2412394183436	719.5884692742192	582.393196185132	824.6369479174267	671.8722831529192	5
AT3G08940	712.1331631105354	1595.127755141191	779.4626331736757	2876.286520468119	2928.482498469049	5642.76418470455	417.03123287942094	3968.605013842475	7
AT3G09390	2938.2923181518445	3564.7051332651563	2270.89453751568	720.3005169025419	737.0600943945659	865.681714496074	3196.756952461999	997.63164753023	8
AT3G10985	1452.4281770374414	2104.7587764517552	184.30638269844718	76.88186338972781	57.66942464172585	348.9925803789092	229.8016848224896	387.137734486481	2
AT3G11630	233.18021352545628	207.2568658274803	489.9835006329242	552.4420578086228	636.5127388574548	294.44818455538683	437.08515033043807	259.9948786644632	1
AT3G12120	682.4652198006522	623.7481697652504	731.7418414627632	772.3771399562954	777.7889867637483	343.47465453586466	664.878059667317	268.0721056355123	6
AT3G12630	918.385368450388	674.6277304403359	273.146980726319	227.77367009939843	182.73026179832502	160.40652762757318	303.34449033491336	168.06215204908372	2
AT3G12780	767.4541190512953	822.9298448483888	1826.9021248148426	1587.3619537035934	1984.2524510282485	867.5705437792647	1829.7935498671616	849.1782052832411	8
AT3G13750	759.9295832422107	498.31232448855303	90.15913905907341	82.29842096634835	87.57285114003076	66.78196769217409	66.59279328586635	68.48205997647148	1
AT3G14210	392.1039345096557	977.2149071044971	1250.5590334961212	985.9034383774323	1234.6179594650082	1132.7582192637155	879.8895851117575	649.5244339488804	7
AT3G14415	701.563743264697	589.4233253460686	933.7921000378917	933.502628614302	908.0121579188997	485.0910660783417	1050.2075907928472	484.88567990695435	5
AT3G14420	944.888738448326	1261.533248743848	2290.4896717984093	2575.076999269464	2379.057338688774	1455.2597708107169	2538.4878683344728	1323.2621536899499	8
AT3G14990	1278.3834850023861	1431.2180447143764	119.5946570623782	85.59731851603306	80.41329693543945	12.56191661254537	92.20251219267088	22.923156159603085	2
AT3G15353	9298.623432614782	9510.13459779471	4059.641583958319	5723.566346372972	5006.006156273421	3521.061709038013	4836.999071269957	5324.9206925856815	8
AT3G15360	233.297740240828	214.06933661422408	553.7554022056596	510.6701477348993	507.9876427476764	666.6937176888998	624.686967686245	677.9446513498191	3
AT3G15450	3914.629729771207	4821.33934440836	8.14769302968999	7.889650235323777	6.14838658232561	33.787980072546986	6.637753952295754	48.659122156422704	2
AT3G15840	174.90724735821797	162.6893122985436	640.3121764716825	379.91883340502574	365.4310052818687	538.0108946467993	726.6129695139786	549.4191756850506	2
AT3G16140	632.0592107204267	823.2241739631421	1354.1214157936056	1851.260746486929	1761.1223503320418	2067.5139104660734	1094.1763867151249	1770.523954462854	8
AT3G16570	670.7434777944737	340.1553878626178	297.06392720324686	197.50613622672645	161.11604330096216	144.81050573911153	305.6646686412142	142.3766914484434	1
AT3G16640	4434.883182551364	3388.3579770510028	1493.4833709980842	1551.5799463814965	1371.720346886447	892.8984030319266	1578.1395062526128	898.0933906220614	8
AT3G16770	11410.444710341362	8742.353890958197	35.97875107315305	76.01297536367781	45.7215612731602	118.14953778002872	35.528643546129	118.5071895163745	2
AT3G18490	71.63564761686804	79.86704982090427	535.7766586991827	718.3081790773407	648.2001360919019	652.7944879769068	435.6160497739885	727.992091333382	4
AT3G18780	1250.914249996242	1556.8498113684116	1038.8725779341073	1002.6640960807457	973.0226235391943	450.17562039592764	1061.1352315661843	533.8106500654396	6
AT3G21055	836.3435965732152	650.1361530971702	2117.245774036853	2316.5723339912493	2659.211879637024	2288.8891005680825	1576.9673544348182	1646.6084827932693	8
AT3G22120	729.5514268281063	471.7234396788228	175.42583625221297	158.84392173516355	265.48726253068037	24.661431386592135	87.26835219513977	31.023024271425875	1
AT3G22231	0.35087591042102045	20.707592666260158	2544.1045229633187	257.992719535298	392.9127604763471	1664.3103263487887	1570.4688135425477	2999.232447651918	4
AT3G22235	7.668872183587178	22.394452439811012	639.2634661506197	109.98721870495169	134.9953338676816	517.5197351215522	423.9596822720703	838.0270894233232	2
AT3G22960	698.977813124114	717.3169618799884	132.1943132817197	107.7967826995574	100.61455107799738	92.79594781421812	113.7235294953353	105.38889865109921	2
AT3G23000	68.85110151681685	28.467885248982547	266.8544474195847	650.2454800862273	528.5018819888311	176.89702085768553	295.6399326976113	206.54503633034665	1
AT3G25760	45.00184670498594	62.47433062411744	135.80146999978072	79.01747070610915	90.21834277776381	746.3671297952752	381.2976077694103	390.2502282837538	1
AT3G25770	30.921700175022416	75.97675415040956	406.5343635775233	63.80171694029975	108.45120425539386	1170.0295380208984	845.381368619877	745.442714229196	3
AT3G26520	3402.5699285195533	4409.908593506534	444.4543648665694	547.3103558122049	710.717110653991	783.6790319489636	319.232850500882	527.8051859499268	4
AT3G26650	2054.942926865728	2034.5888399163366	3767.4234350983647	3808.0754925621636	3964.9571319576457	1910.362909913172	3145.9007324254	1640.7747624077372	8
AT3G26740	1074.1221296273714	2630.877108177173	1878.2598521860125	127.87818801237387	116.44460521316023	1552.3000978338273	1784.480285674269	1568.539165741627	6
AT3G27690	20.392244841083084	25.376976202202634	59.139106290407106	356.7011921837713	393.2514473885813	1784.8128412548735	11.864251210422669	462.86675690794334	1
AT3G27830	279.7967355398289	199.37095460341584	636.795785595533	657.6946493058903	762.9875399017716	435.45408691054513	623.496168046232	397.3523535379388	4
AT3G27850	640.3024996081298	498.2479308886362	679.1917150320644	635.930447202217	782.1341064935702	316.87315775240415	624.3522163405005	274.96523494830853	5
AT3G28270	8.227026457853935	1.2921256804677073	371.14371288843836	379.0333889161422	307.8165931537508	198.06746413370186	665.5579918245887	218.2530109453291	1
AT3G28940	413.12939406610377	496.3691302617067	959.1831416769827	431.9583503839769	371.25557330106767	473.3047871116223	1140.7059958084658	641.4359952825947	3
AT3G30775	1123.3925472759481	559.5223800275588	57.351733312385385	31.44018313230203	9.6809573272876	7.8956091408608735	133.21317586304184	15.226454341050069	1
AT3G44310	307.8879171176921	688.4487249364166	743.1067187775212	978.8548131789336	972.8346277380687	1746.730687360079	714.097668686035	1690.3981507205076	7
AT3G44860	0.06787527603668021	0.6727273042950012	48.8024397095928	44.69469260653682	51.03366520522326	793.2701289230574	159.45289303736308	543.8557234549768	1
AT3G45140	4.852751530115741	18.497190254120635	866.1856109496217	247.9178493273428	485.3111498666801	1282.3190903582338	1365.4810812795022	1026.2545069629584	4
AT3G46780	177.8032570038094	303.31673658235525	430.5641338985859	648.9916449393671	694.1728963020016	675.7363377752769	304.79915508407163	448.08231599993826	3
AT3G47070	649.8708223645408	356.02472826852545	1746.4348082234942	2284.125978825185	2020.8451770121203	1442.8646569272303	2077.9266569652987	1269.7624348436354	7
AT3G47340	926.26462261035	1559.4573912627286	0.055394319443315854	0.04152769930182736	0.038960609945293226	1.1754038480679745	0.08022859672842059	0.7305326473537621	2
AT3G47470	662.1217269110334	1518.725846059598	985.6770954464014	5296.045804523888	5206.962143923613	10144.017399036176	556.2590325574872	7982.375907272653	7
AT3G48140	739.625256567365	606.614491773762	220.74121779150852	176.70081137281426	176.30122472856135	229.7172173308377	240.43429756761208	285.2569744738445	1
AT3G48360	315.66771680468327	622.2477097504914	7.609119602245866	0.7282163793148578	0.7970675136144613	0.3271667279427299	3.595316223506656	0.3933013110164819	1
AT3G48740	623.3915572496587	403.46302719696524	237.3634012138427	416.2717722194952	361.57198203690183	78.56732124664687	162.3044460548108	130.24347546167044	1
AT3G48990	758.3944133740621	857.5997584334473	105.09055996029021	98.1995820485174	114.32333614197219	134.58344393446254	116.17148055154414	204.6556574568449	2
AT3G49910	696.4321919597847	468.06593527146555	302.4484621752439	246.7280207762184	312.6598666175754	183.06499271462138	279.68355875131357	247.19885607377037	1
AT3G50480	910.1917355644772	872.3902234206871	757.864183488288	116.98027732368263	177.93022933351386	482.8344136977623	861.4530317717022	658.8532278372172	5
AT3G50820	394.08531011354285	496.77032828483567	1416.5498238898083	1525.0902349034122	1566.9628664544946	1846.5889763492414	1256.0407810142253	1458.8453906893628	6
AT3G51000	280.44195029016134	625.7347760388527	95.06967562791635	73.79933584815853	62.486920933031556	117.945976196745	102.50131265474678	154.4813720855214	1
AT3G51600	2073.7552751888425	1262.2078997819692	1260.5727122787955	899.4727830020074	787.5882262431119	942.9170731535643	1591.2323165686994	853.032763419553	8
AT3G51730	585.9331121802737	804.1886500166312	228.2884864871689	249.0984832978558	205.89707676888432	171.64154515568038	250.4275580250468	202.2029868996188	1
AT3G53420	101.24752045482585	134.98698380306567	496.77926072042175	1502.7881894808304	1466.5035165295672	891.3746211660706	445.4228156633493	740.9484031718649	4
AT3G53460	953.3206917099632	872.9381104311653	237.4260985402069	113.52825686120798	192.62583101482574	52.903597294796235	241.74579743361429	47.74801884633243	2
AT3G54050	404.31451182438116	459.5783096637325	1173.1645723584345	1264.2927668966252	1270.950288554094	755.7188357915933	1118.738484288269	650.7948491985119	6
AT3G54210	476.64870735311325	370.85750056104064	581.4010879347001	599.076961590934	657.4108554142035	319.1479355911923	559.4086105014777	281.87380873570186	1
AT3G54500	4.928698888337633	9.504997837077548	18.591130862184404	810.9455255049733	617.4249731033241	144.91981258601692	24.23328456944725	125.96646455313599	1
AT3G54890	1884.5992032575916	3783.566452831277	825.6850581026881	2792.82001449433	2709.038007026869	7642.486398174716	631.283954256049	5476.390427124099	8
AT3G55800	382.58036459844584	328.14050291781933	1621.352811089052	1825.5339844606926	1869.9801957572863	817.2981038786165	1521.7614957559738	747.9721346776245	6
AT3G56360	756.4664706454146	755.1567847470267	315.748252101196	253.91100165939858	195.36548109567642	365.178887839922	416.8688552678765	354.5426433581909	2
AT3G56910	316.96425493012936	241.98210816728889	596.4809671421331	682.9984767807108	738.9421785183241	297.16320208518187	627.0343149578945	237.35653854271004	3
AT3G56940	202.50187671633782	334.1950954667158	708.742950632537	2283.175959555804	2381.1393256953634	1594.5381126375962	515.1450750986306	1239.3825430078216	5
AT3G57260	6.94202855471537	19.686510361777565	936.7148908084636	23.695233478394822	621.4784595672096	1005.5879045616838	463.33013440582	1262.336193688001	4
AT3G57520	523.6276284568397	706.184497372148	179.61186617193985	113.60721401750901	75.42992340374258	22.97039975959877	305.83679819532995	21.92233755129844	1
AT3G60750	574.9392219490827	457.4716501314475	1610.9810147862731	1241.6581886811605	1374.12822769733	787.0554642303161	1360.7376720275502	794.7978765244791	6
AT3G61260	880.5613180955652	938.1143417325412	118.55186064645984	106.25988772762359	89.13779653793131	185.69545240841802	129.85322630019758	157.3430160685007	2
AT3G61440	1114.847887072112	1110.6410469710331	412.6790861846972	504.8861938771531	485.2254418660577	263.34220930644943	435.9994776528625	338.6528653762245	2
AT3G61470	1696.7991108732972	2556.009215310211	2271.6078599952675	3483.0265646136163	3520.475968491413	5135.20593480317	1689.1960109514655	4221.364182149095	8
AT3G62290	1701.2743855199353	1572.0182739651987	429.1379887820961	442.5722031093409	356.9904677608107	242.40287006281	436.0952079854129	265.7151333140831	2
AT3G62410	1237.4418705242665	1016.4284098296367	3208.7165132926507	2718.6821449848485	2676.080134794335	1477.6307639133124	3876.040432687423	1375.8834791777774	8
AT3G62650	902.2128088449733	1145.2780637891667	164.94714606175685	107.3444885064124	89.35441883871546	179.43206156571483	196.03021531894538	206.3246681474045	2
AT3G63140	192.8001208485197	173.4800316801968	759.0524098837441	894.8392759757071	908.9752989856754	513.0890968720297	807.4415281138887	450.77061686831877	4
AT3G63160	1886.6631120091645	1189.1442352574995	2634.150773104533	1102.9646194033874	1517.9161240180374	284.45199573620704	2737.4425089586325	136.3016461797528	6
AT3G63410	276.33946196583764	232.7450477182638	524.2441857419635	586.1104027557893	667.7582023854299	394.50395236300653	529.4399774760357	370.56471795670853	1
AT3G63540	579.445575252136	443.459800423676	566.0406983071405	605.7695484203014	588.5173290502967	408.7974772208016	631.1469799827023	371.9233558274015	1
AT4G01150	575.3503004410354	639.3109040702291	1487.3725166532518	1694.26025276568	1717.4943074038665	1228.6542197977196	1474.4924466115453	928.583302646526	7
AT4G02380	611.0160338626504	797.2999363896743	185.04802817983318	37.171388600987065	57.065875070032604	145.74579067469358	203.41151325104312	253.2602269142152	1
AT4G02520	4014.092305973441	5648.636151495637	992.3989703616203	189.36804920885297	297.0266190680971	802.4582871788555	621.5122904540498	1601.784834093458	6
AT4G02770	924.010165081714	810.8324553048271	2586.3789745369745	3949.3398387990187	3841.813657990948	6248.42793131866	2374.8464784974867	5164.121486624592	8
AT4G03280	976.4271800903597	870.3538869952021	1675.3473754293839	1697.7287773554233	1706.3613302390024	1250.650743497485	1742.4741494840362	1141.3533613229094	8
AT4G04020	10.721208373975628	8.942428239737211	71.36163210524803	104.73058050706794	96.25378914601349	1822.94952101938	73.84056354514217	1664.8065058070295	2
AT4G04640	628.6664326772858	586.6252407682076	2024.3513380306515	2127.1214502194807	2373.995665756379	1770.1105045835134	1994.734898246852	1672.0668917896164	7
AT4G05050	807.6482046703537	957.673584284862	1180.1350321124296	1157.2202576158675	1227.9637792055735	1372.6552709777186	1195.1515301794032	1765.1387267072564	8
AT4G05070	579.266888445903	637.8518143038483	123.865894814606	307.39558072290833	295.47460941988027	368.07186344488764	148.76124171660956	369.7351561632053	1
AT4G05180	927.1000841267247	2090.4700301703133	1611.9128268203335	2367.752548891906	2409.672885144922	3939.4371814749516	1167.5337737441628	3110.0381955407015	8
AT4G05320	3346.421537794889	3650.3070174417253	2799.5552068369857	2122.573196585584	1979.8194059964435	3221.3106291055024	3572.0192524393624	4498.844804460069	8
AT4G08870	2.6222814364112144	3.9003793760248144	76.12135315062777	101.345825913407	128.2371669811703	624.732083919759	154.16412525385348	713.555716986409	2
AT4G09650	389.75196590301584	216.82534514903247	1599.2137303648176	1739.494596993539	1951.12678812142	1435.1064106294668	1240.5415238454534	1054.8197708096322	6
AT4G10340	1281.73211639314	2330.498074784238	2398.415493951264	5516.995643526801	5879.238107349504	8088.074841106166	1687.0974073598393	5915.668455061164	8
AT4G12800	854.3083785316852	1193.604536972965	2350.8545931240005	3775.5498672658473	3699.9898429022746	5376.904800409646	2006.3053370825567	4510.806466147489	8
AT4G13940	654.3734275870023	541.8129293485006	542.1406081429524	490.7584461237312	528.412401451218	324.82051591937625	518.8792882470998	336.1618123898017	1
AT4G14400	112.27326051496723	135.42625122735166	850.448691662563	290.9680926269469	377.79623445604636	575.7833202240189	738.4720009612882	936.2001333453557	3
AT4G15545	589.7125958418579	577.5470072383931	596.7887366652725	621.8237882489427	593.7035884776191	398.65595766264846	577.2724117302739	389.5578738089376	1
AT4G16190	2512.175965291903	3419.9274465176286	892.9343690237795	599.9228853441281	485.2465248859442	832.4153834556629	930.0878117275303	986.4812933212272	6
AT4G17090	123.88164536633984	84.71705624755465	1904.7181301612213	2196.3574632573363	2077.9095473232683	159.15754807107166	2395.6931529126323	183.68374197173424	4
AT4G19170	43.40578348669165	62.77204521081753	193.3400544181961	639.4066313067573	490.35366086089635	1416.2778673283906	194.1161708975617	1446.7756529272833	3
AT4G20260	656.7564383428638	292.08529083097886	344.93239753823235	198.0948978262831	138.7980426929591	302.33557369977376	393.07452206759353	322.91532488715217	1
AT4G20360	1184.9699841565914	870.8803049130458	1432.2193162923904	1612.1926953038544	1753.2206954548506	1012.8765247268901	1448.1959528208508	1009.8836672983107	8
AT4G21280	309.2372018990612	268.24500542293254	1520.5905608981889	1644.2529625739774	1745.9911453890916	1257.7977855622235	1190.222003153831	1050.3477063452324	6
AT4G21960	1032.7293519854911	1097.7917783004614	2673.091334911878	2040.816050934301	1635.3487761198562	2334.248000913981	2726.783683681437	2673.309993636646	8
AT4G22240	168.25702379249128	129.0138668217428	277.30123722648267	323.4483752974413	256.8606595781676	623.3144276680778	315.10493411508065	647.0828576908807	2
AT4G23670	5.3397169992801885	12.263831576896765	851.3162940984247	545.7395119272524	499.7102243646174	1194.9512605919595	849.4096003935783	1193.926160519894	4
AT4G23890	479.1380636091602	647.8239677077561	406.0325636471798	403.343708058208	359.7532693847307	435.1219722655853	415.6935175418966	392.2999633416875	1
AT4G24770	471.8258790198261	376.478526241232	493.9681169900965	536.8000035786708	626.9016622794433	352.7211915439329	459.1923152425845	266.7281152786451	1
AT4G25100	523.4023340618417	633.6533763287173	577.3214506909121	806.2350246772432	980.270602687821	993.0185537225036	477.647322438708	1085.9382431411316	5
AT4G26850	118.89478646981836	68.75111392783572	734.2098350540139	2448.3901836063505	2056.222498063857	244.06177717781867	903.7463552394008	216.79497129170346	4
AT4G27450	523.0544040338414	820.4090426258703	8.852653712173797	10.665975918816738	8.505647899558214	45.36348085478734	5.189638086838338	47.18182137064399	1
AT4G28240	978.6023246292565	1085.7607805019034	264.1574691295692	263.7343036579961	195.77452731084912	924.208401067184	342.0611285576138	829.3641832920301	4
AT4G28750	168.82817126899695	298.0364516318387	438.6091504517366	737.7072590985725	742.4727590857678	1052.2491167662527	378.2289665472136	727.7182397919111	4
AT4G30270	1048.2061356269592	914.5839782499006	248.0478174651765	106.80990440030476	66.91771917978211	695.1576069578354	234.6990108357665	1483.3749560119074	4
AT4G31500	373.3997240361849	369.01050048895667	646.3666194504325	378.4145597175113	403.53782732821634	422.88402068705307	744.4298985961171	588.6320381661212	2
AT4G32020	362.6643128033706	300.5649491689452	408.0272522740434	613.3233515692616	423.62042448945647	762.851244067233	475.72521124301903	791.6799340909317	2
AT4G32260	1732.8806910333442	1813.8989589706268	2998.690522135487	3288.788884298281	3174.818758113488	2311.358781115784	3327.5839064865368	2226.983777350978	8
AT4G32940	282.96384428572003	321.00819069504087	563.4632770579167	642.2435169822717	197.32458638456086	445.1838045890577	875.6317203614732	709.8751117068371	3
AT4G33010	439.11675370927895	599.5129531060483	2321.5367304932925	2407.3012818040884	2023.4229479082053	1818.3615097337704	2515.9178581663914	1924.904809290708	6
AT4G34620	1175.4711610070533	916.4211489175997	520.9374032814799	622.8427234497439	693.9328681816062	258.1017992491704	515.8601763801954	209.98993471735864	4
AT4G34870	764.6985535346814	654.8093557161801	495.0544433548249	395.09597142461337	399.48813161709114	364.1053644371887	446.53062470970866	488.38755943517344	2
AT4G35090	72.76572094718965	116.82575550290008	767.4059214472142	4119.544928125612	3771.3535697450707	1238.988581476245	734.3793658913739	1423.8964495559699	6
AT4G35750	909.2918895951204	1762.032497743062	328.1395352505162	168.17303199337945	144.69903194356073	143.47472748910715	353.4135057336113	183.589167525101	2
AT4G35770	9273.953044003412	11195.868894518197	5.481544576483027	4.507054539374615	1.74112442600744	33.5893568216065	7.597557108114157	27.614969736181553	2
AT4G36040	1483.3387408082722	1211.8400935965415	73.25135079834756	108.08993634326248	89.28585344672749	932.7196920101852	117.29244756983479	956.3661270699812	4
AT4G36500	175.80689790222667	223.30220761612983	495.4834224070987	316.4698792246976	202.799371768734	619.7437757394821	657.763463172879	491.78194939283884	1
AT4G37300	1465.037366908176	1357.0700377200942	187.083378729938	172.9653807958151	181.04737201223656	185.046019888386	177.61193250177791	181.73143657161742	2
AT4G37930	509.3825035894684	517.7665254031451	2699.6139559129747	2806.0355530979573	2810.0708218289624	1889.4374680382114	3021.2639111917824	1871.209198251112	6
AT4G38740	365.9885888440485	237.77746302796	576.6841101901348	930.0345098846758	956.0427718125957	734.4830004409092	517.705808178538	1011.459899227234	4
AT4G38970	822.5901667565328	649.6055794791995	2954.85619880562	3905.421136727035	3956.5904463990987	2605.2508468012197	3187.219556717257	2353.064980459867	8
AT4G39090	1564.8467175509907	1710.6880447715334	681.8012551760196	214.00958151594884	190.43935758685055	564.0945077162859	771.827892313396	768.9633932530746	5
AT4G39260	955.4470506711187	979.4496181470558	185.0567040824704	85.73684162389529	80.1511620900782	162.14968883945954	178.38644688595352	204.16242005408267	2
AT4G39800	42.85490045775771	33.06764590246748	586.5429125275975	915.417948460892	804.0063824342442	314.97116730660963	541.8028943842137	256.88772398968183	2
AT4G40040	784.1583964110075	768.8011395830616	484.8755252971095	435.9908666413742	375.6021603297879	317.13611479376937	511.06443688921456	345.84193321005387	2
AT5G01530	1893.2441382804168	2449.952953379544	2294.790864269578	3180.011068238348	3356.7789122475765	4837.641656415987	1901.2997049879211	3934.649766728766	8
AT5G02120	104.3204206811754	72.91627598020644	407.3191789512251	653.350038590432	610.5345439797346	274.70821386591257	415.02853437655517	235.48543335519784	1
AT5G02160	1227.6688031372971	1500.5369471507786	352.20215864544855	278.1544980610474	303.6479150671855	370.2721072640943	243.3790037630624	200.30407053000545	2
AT5G02380	4089.857536382009	3365.7676201438453	2965.959401036185	4214.907522786846	3559.0598907280373	2510.9547639836314	2697.040953082233	4356.497213429168	8
AT5G02500	1433.8205514880033	758.8665754097267	1350.7259501022565	1276.375403303056	1479.2274571772496	1069.6830965430686	1427.5931864278634	949.3546966877485	8
AT5G03240	2785.960824307036	3663.0533605715777	1295.5147076343005	947.7434400541721	834.7229882988634	469.2098395084191	1181.4694867655335	531.3703859554973	6
AT5G04140	137.57071797859422	126.04591624183784	658.2117127323664	728.4546240474237	777.7392337174596	405.1175303059851	565.3073101113181	454.9716068964103	3
AT5G09660	703.2955276529649	775.4653061430287	1753.7921707920373	1803.2691985040246	1623.86085675241	1369.807373536735	1896.4116799665005	1224.6911971817685	8
AT5G10380	20.05646981113003	47.37381318027082	411.4288959137417	71.3112185648973	795.3956450241337	305.0504738005085	205.75110669946068	377.5128246128732	1
AT5G10450	1172.770356948537	1326.6643990420012	331.16217667517435	319.7872376174801	276.5459395243051	237.4936717829464	354.4685569266185	266.92307657106664	2
AT5G10760	4.657378974177077	12.5891843713937	498.56058375569165	40.146479689731	191.1657705759213	360.5880675356488	278.35312529335744	662.4832676386195	1
AT5G10860	1197.6964721072754	1473.0443087068247	209.74482270998783	131.22033736750362	107.57418028552635	128.70216285072857	217.91145558076272	166.1011644267678	2
AT5G11740	226.43192085836517	67.45817431983363	1163.1151209891466	358.3920825939898	323.7505196379844	1325.7508195405094	1055.7249412146487	1192.6394040728364	4
AT5G13630	65.73344735281593	68.81603804388266	345.82271295938233	1450.166754465365	1538.5849408922218	644.0336083149464	217.01406676448815	526.1950271553918	3
AT5G14740	1104.4524263850476	996.8589580157532	411.4230353267015	451.1766121224288	588.2488372118887	217.559728802852	271.02028872006355	139.8030784721529	2
AT5G14780	1413.262500455205	2087.641604957364	122.08990529432613	134.64911835170622	115.53913983969238	101.53896610010281	128.56381133231895	127.6861233498022	2
AT5G14920	853.4236604774533	399.49504302848925	14.254233794621769	6.432369478799198	8.127437616577499	10.48746437831882	10.0884933139242	20.94035036145928	1
AT5G15950	60.11673931880151	18.05547520009792	51.328813853611926	1597.1928387994406	1510.8928114434846	42.29809140851864	55.27330385294008	46.0997841278154	2
AT5G15970	12.13028147455528	56.255471769588674	499.1656604794426	248.37507569065116	319.30364320715205	730.3928468815573	538.332760397888	476.3667367633362	1
AT5G16470	1046.1693867277563	1049.0020326954939	338.0263368320902	310.91564349535884	295.2927285868868	289.3607949360144	386.372432045478	324.7812662876921	2
AT5G18380	627.3884450285003	444.98674517501917	312.4967768081209	248.35266377941173	314.8708386978722	225.16845427496614	306.67622068722227	247.91780898488463	1
AT5G19120	405.47111409521204	669.0612012336105	2.9137125751631454	2.1843355219328098	2.0493079484402807	23.41242866003605	3.2152249341773933	34.862359841276394	1
AT5G19140	348.9284609584073	324.29159294071025	374.4523307807341	398.7490382567817	284.09763520972575	811.237165827994	461.00812010833516	999.1726163204435	2
AT5G19240	45.14724424617792	32.760625060540804	360.9341932601467	363.3812293650126	349.71245094191164	463.660432894723	307.0487819498172	664.0613887570819	1
AT5G19940	479.69226835871666	664.7082557028131	387.5241670413938	680.3910849690805	636.5061689136014	871.0651323387817	371.3710512746012	722.2604447947023	5
AT5G20190	64.92342494490893	84.30708810963452	446.235485943591	679.5831334451374	468.04763666447485	448.32150967032624	794.4758608626203	386.93079832089654	2
AT5G20250	1693.9733542467566	1170.3585028154166	52.16192937564829	7.812580632865187	6.861786598375993	19.60354662870882	84.53885462092849	36.35939339455536	2
AT5G20700	770.8896676075427	663.0953685979903	1634.0742125980632	1315.9609063886146	1166.4425501726896	751.3615617296616	1930.4603649738535	802.8387150676447	8
AT5G21020	2322.243653454397	2470.7752072346093	809.179606588165	1000.7377169769321	783.8602902784074	576.6186771181334	1109.2526022912004	534.7808955762647	6
AT5G23060	67.0871344466935	84.97741245601459	765.3809994627284	1178.1836883912747	1231.8784850126822	471.852403357548	741.9740590246829	434.861543147928	4
AT5G23240	212.4823381296802	184.83979038934498	551.5154839135748	35.69620058794883	36.49420365682557	31.427893252138627	725.7288886895793	45.643511162278	1
AT5G24490	950.113054085264	1054.353728521333	120.30113445706695	121.16806518277546	147.95627854957334	95.86655282194263	111.14227171728987	74.3397210816052	2
AT5G25350	380.6269556467142	623.1926588487994	55.01098315335142	51.18060038108897	41.16122583736246	43.223357352335825	70.07144411683953	51.0567701768075	1
AT5G25610	15.530310072590206	22.703854413676147	391.7787178445557	388.79246068603385	459.4064104238929	1105.420752876703	347.09461292380087	944.377360769609	2
AT5G25980	331.8920936053085	435.12911385377936	747.2827542350577	216.6079355273363	270.0915645290026	320.85168384997064	115.8882810865092	183.1762621839489	1
AT5G26000	340.7291573141186	339.81338951803394	1864.1409242397149	805.7168756684961	705.7115928211607	517.00889786215	346.43280985650716	382.95952774740476	3
AT5G28840	716.2021244342543	527.7190692146388	352.1502136479374	460.11075711783485	433.63816156928846	144.4242023018533	391.9960626084443	151.11981502428068	1
AT5G35630	593.5430796757643	447.4549084855703	1881.125602337169	1783.758510649285	2006.9634345388904	939.2049762366228	1696.579889806326	1022.1753654863742	6
AT5G38410	1648.3035827000533	945.5218682924901	7566.876956716321	7846.119644314156	8514.879974124426	5370.653929273397	6313.99096068351	4090.9122238804216	8
AT5G38420	2350.617199039659	1538.5291575665287	7566.091941937487	5843.288932014973	7248.774009101461	3359.973837525784	6760.025443683209	2064.59367199094	8
AT5G38430	1304.4417078481442	832.6591535650759	3254.1108425359907	4019.325254041125	4989.2347067533665	691.4502370307242	3344.5173164347325	637.7051031935673	8
AT5G38980	345.7347608805146	399.5388617235675	1905.9037053289512	1382.9259708789825	1344.950418364383	797.4923521724429	1938.0740637004485	1123.7099761492716	6
AT5G41700	1371.9327288205573	1302.8181267339137	423.8313627887704	526.973382540757	356.6607777073698	443.6488750483815	451.15037798321447	400.8464142920585	2
AT5G42300	804.7512862939194	728.8884639551569	856.9521179797878	699.5524267867215	709.8953068729259	783.0337727829309	972.453471139072	917.6473793161772	8
AT5G42530	3829.290978736145	4156.839103558755	4154.882806372439	1476.6387455058887	2138.5981002230083	5320.057326333181	3955.4405353159377	7353.434049488409	8
AT5G42650	42.8104667326148	74.34538159977343	342.1410750625719	322.8866370319328	333.6708246867342	1128.3816548191253	641.3758111742022	721.4147069674684	3
AT5G42980	1237.5448937515139	1163.527110896344	1282.9099764078646	1298.165527581508	1265.9524884348864	1039.4988641735174	1314.7515650027508	1432.513254647808	8
AT5G46110	458.61545467971024	591.6614449075803	890.8376496050996	1001.5726657017567	983.2384066230467	1126.0533914469502	721.8070213771987	1008.4676129812317	6
AT5G47110	479.7817402418862	403.81841608049575	715.1869977534668	934.9930992640441	851.8392786372052	379.2546511003308	735.8659090644574	351.0897951877002	4
AT5G50920	1022.098525184796	1141.5149665675224	768.2625841708681	805.0147859485869	753.4100659375629	1002.5333017168663	806.5200865507703	1128.3484584410992	8
AT5G51970	843.3236642890479	943.6788189979492	324.26254067951413	267.73840341462864	272.1072292949019	135.8785951305764	354.8674211214019	157.14448803237866	2
AT5G53160	727.7907456253113	772.7416488998299	120.467841134878	84.71596957961614	81.55463263531217	52.79353404375424	135.9268389232373	72.53188186138006	2
AT5G53300	1466.2324572249065	1339.5886303533086	497.4975019975801	464.854494261197	419.04798960411654	404.995506548702	527.0304761542018	463.23951600745744	2
AT5G54080	480.2598935081712	822.1615586878183	36.02170782552262	31.60823589388609	19.14626891099571	36.69978701463572	43.16843058852921	40.128906029647396	1
AT5G54270	895.9097368649925	2328.695253902123	515.9807748896611	4902.707923885449	5045.100208737955	11895.102334641153	206.57192228469796	8012.929527422567	6
AT5G54770	5673.847555848821	6194.852551267105	6769.738193956581	4831.557935129789	4696.845912341953	5507.242653421257	7853.8517351034825	6823.961757196759	8
AT5G54940	2260.061086178129	1849.719738666744	1197.4585131909425	962.8943111709053	752.4755665269467	1697.273910562186	1940.7652542395774	2162.978211258203	8
AT5G56870	394.1298045762216	637.0305829728593	4.9180813662676215	2.0190491689629906	2.704094788347444	2.760741773832218	4.1644739360520635	4.686968823553748	1
AT5G57660	67.07825486102391	358.79807965223154	40.5153190612604	311.66549093791355	332.5481009820393	629.6786010805101	42.278505788259714	594.3225206661582	1
AT5G60360	612.0168835357575	736.4112685959898	759.5610386099846	607.6401323429742	532.4819543255098	747.9973127137662	787.7622383090027	943.66746603599	5
AT5G60390	908.148162587464	674.5318162064092	849.5378270048758	570.3323720368286	789.2535034723718	609.6407886067865	803.5337709486331	757.2232078445207	6
AT5G61410	355.25384843574835	339.91662412448085	688.388116556212	800.9479600457057	861.3063847653175	577.5757904913961	688.2845505122807	547.5623976318997	4
AT5G61590	1212.587774200676	812.6706297391838	297.45213856957236	176.16187098948373	100.86464733074652	263.4866396957582	497.40882672909447	423.62315466448524	2
AT5G64040	1120.720074956794	1314.4403509363112	1320.9107837175325	3312.9192765291527	3195.3815888662684	3310.4683445648393	1009.2591068382837	2296.6073107855705	8
AT5G64260	580.4167905989549	622.22718849148	50.712473629625244	9.734671751807008	15.612339755659539	85.63802938363662	48.20276253953326	86.7196952307863	1
AT5G64840	49.34073951136674	43.199599972193695	287.34380924639794	858.4373638697382	731.9851379094542	534.7837701150354	323.1728209348575	507.2283842444999	2
AT5G66040	1378.1081701298358	1308.76280470502	813.9989057507112	536.0780073523495	473.20634615852913	428.5505340953086	996.71421462941	513.5969646398568	4
AT5G66052	685.1230546560092	551.3036233419689	1054.9598320460443	740.5585760378048	561.2111616910895	25.531834847295393	1310.6237948139176	20.8273425343602	4
AT5G66053	421.6716893535882	258.147558074107	889.8121423416594	554.5219112895029	403.477666822434	21.03771085631737	1131.6074378985998	14.451625432005036	2
AT5G66190	315.4409328421922	253.36221270176998	1420.677728101534	1352.9408730246741	1375.6251335346067	944.2194448015663	1494.052743031431	859.1451397709778	6
AT5G66570	2842.921630538079	4277.9349264469065	3738.4707633340026	5671.117760495771	5607.813758411388	5948.305106654209	3221.328855952323	5012.0973218138815	8
AT5G67030	11.698869790313774	19.52700392470743	100.37828145915232	622.1111975293364	499.1724634649418	478.7133190131473	103.2184136272388	462.7448016549792	1
