Genes	healthy30.1	healthy30	healthy12	healthy18.1	healthy18	healthy24.1	healthy12.1	healthy24
AT1G01060	0.38321473093595476	0.13708896873597878	4.010038136362785	9.484403862435613	9.231479108742848	3.656605666928548	4.469361899910365	3.9124763110120884
AT1G02930	7.602751911624473	8.45478029641517	9.375885549978006	7.401785151797057	7.139714773502545	9.067741318100207	9.808926507696649	9.453532323069593
AT1G03130	8.025517767516742	8.291742993646633	9.580394996002534	10.878915746504397	10.875376014785017	11.875280768221836	9.093117733498131	11.54525316894363
AT1G03600	8.690933264817083	8.968230804480553	8.871303986219921	9.342535548355013	9.502530283013982	9.096113823465325	8.418457322689576	8.701459226017493
AT1G03680	8.67795270374259	8.617632600131007	9.749334193383286	9.540053775929858	9.52776002733613	9.289275264777514	9.854810453831908	9.254973913418912
AT1G05010	10.568820218177837	11.289465042564386	9.516709877357085	7.741873556802679	7.711693044154494	8.792915446974611	10.034818205432384	9.380122464561772
AT1G06570	9.317113064191956	9.928638230610911	4.920697629054135	6.837164918038222	6.281079131543074	6.264919838038726	5.275741911713384	6.237304836876787
AT1G06680	10.415445906367719	11.184649803224719	11.488364899502322	12.118283193701117	12.172068126729096	12.282694853115212	11.204985027723742	11.904132156392544
AT1G07600	8.997408820124772	9.32102431419622	9.274124736194647	10.372464914820258	10.403369322561556	10.370002847274057	9.657021827111693	10.723194706747455
AT1G07890	8.400530910927479	7.681499625816877	9.233367951378634	8.371275419898986	8.255971260064	9.45157142178296	9.3740062516068	9.690712120109172
AT1G08380	8.187354368062543	8.292683467375873	10.813855804038038	11.517242530616565	11.5930545641537	12.546190815821882	10.257575677909964	12.209564188115419
AT1G09310	7.192724975096076	6.965442515804937	11.251589999766527	11.105776511575913	11.180058848716852	11.986795704773913	11.103267718031942	11.822565153465781
AT1G09340	7.258949410802805	7.094884789875452	9.791576359457618	9.801577279475701	9.951991401469915	8.96201451997092	9.680030099163423	8.636409179969318
AT1G10960	7.769004027513762	7.041816791978091	9.231271250576272	9.482967828313937	9.618100359049766	9.339164663289177	9.191544993188979	8.965112991932155
AT1G11260	9.569976101369909	10.151627630392781	6.144863183920744	4.581482295813182	4.783709249106867	6.457150886178517	5.962000443806115	7.126148758032002
AT1G11860	9.242120857759964	9.06909225734596	10.56064814797648	10.394959405809029	10.44587244198373	9.468131024399648	10.478518169029073	9.135450054348206
AT1G11910	9.366444942348487	9.589975729110375	8.483540975215657	8.39435481221236	8.006518647123457	8.128045190332681	8.48700958947272	8.559270782497734
AT1G12090	9.475908643139114	8.442407341335137	8.137195318290743	7.130719424644682	7.186184933282608	10.505905243446279	7.173192556844462	9.611115516266166
AT1G12440	9.745100671597898	9.895710986503396	7.0537191578873095	7.154667425580213	6.949199997629692	6.580533451322096	7.079115950121849	6.921128952114429
AT1G12900	8.522982500147544	8.193840016873503	10.487015363610965	10.904033607125674	11.01804854130915	10.133189496999272	10.272546345624738	9.628861033477977
AT1G13440	9.071673306222625	9.0799854103152	8.899162579478961	9.313523400252464	9.709037885087824	8.92436300278158	8.441543748095109	9.574213245853745
AT1G13930	8.329110670813561	7.5165972419256715	9.155604088409698	8.883982466947263	8.495797929394042	10.939778459153079	8.961500090989892	10.564166544784577
AT1G14880	4.645260632716963	5.7005773522038545	10.387096497057811	6.797654128360586	7.707162783624206	9.619622496275905	9.735759551311949	10.452234751984733
AT1G15125	9.909885854746793	10.547795211205251	6.324947382694641	6.056107912783474	5.623286296982444	6.454345237094176	7.4145146937121265	7.0087960371992235
AT1G15820	8.183185670014003	8.372434531154013	9.696931616468317	11.359254582369891	11.424769133559906	12.425020780949701	8.73411603440609	11.922835635191928
AT1G19570	7.634748816478317	8.432644543586578	8.540759985203374	7.621015847386665	7.6574167994750075	9.828731233913517	9.242180458626283	9.762911824368043
AT1G19960	2.01725277392858	4.521764860436473	9.978459306522085	9.105735877259255	8.912254388513881	10.238366990767428	9.90770278418908	10.62527693542632
AT1G20020	8.337346581233524	8.584648128452633	9.921001674575411	9.578434755123473	9.653753970233424	9.105905374011746	9.873022517300019	8.875029902436632
AT1G20340	11.187999416831742	11.1510548441639	12.734883253683753	13.142868605103077	13.23049549131347	12.564673456826844	12.481034146994357	12.23485984308162
AT1G20440	8.399882253729057	9.406275229936735	8.521943917633257	7.034645822909404	6.7304716965483635	8.986054028366482	8.48118786282739	8.779996010098879
AT1G20450	6.939875863746692	8.207254838723872	8.742025456693549	7.747246358403354	7.744747634406138	9.771065974848412	8.690939891095045	9.408423575598539
AT1G20620	11.734990323662805	12.749401710979308	9.797637607372746	8.601155712462344	8.380279366701915	11.1730492346927	9.500759825513091	11.499684434610787
AT1G21130	9.007444705945895	9.490024341467247	8.892455869706794	7.4198518138421194	7.0431760946345285	8.800119384020212	8.95298746092846	9.084896848200568
AT1G21250	6.469597965282967	6.7959489695735105	9.120453797159717	6.707607646057208	7.122327186495969	9.251257700412307	8.896115187318006	10.041035326272777
AT1G21680	8.965041763786498	9.396339153163327	7.236935586430777	6.015962842708835	6.1443705210065716	5.79403548850253	7.102975814782957	5.798728498118796
AT1G21770	9.332772473612803	9.437391205524387	7.965508087572903	7.528773615968437	7.429097381074567	7.621747142437824	7.7145066018640325	7.958813747521275
AT1G23130	12.670678700586373	12.552226209728905	11.843025644205923	12.040749765051748	11.894404961698472	11.4275479383355	11.83620174700137	11.861574633620322
AT1G23310	10.600572059259246	10.846610066349582	11.405211704271219	11.736327872107317	11.68381053189372	10.99408583101625	11.416814762620193	11.029851643701981
AT1G27020	9.82232889233745	9.861249248792298	7.065339154951854	6.023885676239909	5.3311824183258665	3.0362615160119226	8.506262116014385	4.98608894804924
AT1G28330	11.384509935555945	11.487364447834105	7.01196678218503	5.310815576528219	4.383824973917	2.9566342138874364	7.316587764050642	3.5905758147501814
AT1G29395	7.541593497152296	9.312837028428374	7.214045355721733	5.840173292221482	5.480905329617326	8.204900960592353	7.450828461636572	7.699550160106023
AT1G29910	8.015686315796028	9.19554443877744	7.620207853201349	10.895319573006411	11.033094821926689	12.820606324154399	6.0188035248733485	12.090131638848176
AT1G29920	4.924105071975155	6.247640947816025	6.068620675506741	12.377647525771161	12.363828593750739	13.071349101258864	4.586221336554748	12.499819207450159
AT1G29930	13.863381414885563	14.316432016922976	12.917701923285035	14.132397031615035	14.379577547320388	14.491434941890942	11.765940872434864	13.873885998662942
AT1G30250	6.861236218796286	5.366353796293501	9.529727692755017	9.246117548968853	9.11094508954692	8.289113711716134	9.937289562840586	8.21608476978298
AT1G30380	8.268467843597982	8.401870909850418	10.717370316981256	11.303123026688555	11.379146770586152	11.695364227581422	10.293989382336399	11.217731659194804
AT1G31330	10.087634077199429	10.601505246720855	11.156443401074458	12.134799335031257	12.137750902722646	12.821728124997648	10.767322621590006	12.464708498223304
AT1G31580	10.195368950728193	10.744077097240908	13.339345243228179	12.55746756784117	12.753141626306995	13.149165451473252	13.364928328762744	13.697421968622594
AT1G31812	9.872386107629499	9.8341018280175	8.639849888867262	8.630168415826324	8.559987777799481	8.50523553278189	8.806341525959743	8.75357409300066
AT1G32060	9.785360703352582	9.798245801113442	11.289700645628473	11.495186696969686	11.465398294723176	10.517468053385175	11.174172402251237	10.379149909027628
AT1G32460	9.681602159049053	9.398814869029703	7.682218985707504	7.159586228671673	6.87957305895239	7.839865017668843	8.215774836250448	7.936980995518118
AT1G32470	8.895081111280598	8.576461916807615	10.077302640301776	9.954573312165447	9.975892711367544	8.668367176511023	10.114510238504812	8.414002642892035
AT1G32900	0.7378458334073448	1.1049278241458562	5.691159484220645	10.037312339210395	9.56351083829281	7.395135175038314	6.3809595648678705	7.798022671052934
AT1G35710	5.153219810995343	6.4234219516093285	9.212017562757563	7.032392375122674	8.047157436540134	9.099497075712968	9.21967197768028	9.935745217155988
AT1G37130	6.037005918589552	6.454312023949112	9.418915495028424	10.907095949635709	11.157820446498379	8.588191950723749	9.158300084699407	9.483997405655568
AT1G42970	9.281520681908535	9.219015087938393	11.528978830430257	11.48693285175624	11.596230780906188	10.584758567759899	11.44807736747304	10.411361058722242
AT1G44575	6.57370886494424	6.342576188200286	10.613213205741712	11.198022075723495	11.194929390653453	10.788677429728471	10.640576095987303	10.547628756377325
AT1G47128	9.528602758518343	9.490803553208437	9.297925390392885	9.102461841568761	8.814571705063633	8.890390146504275	9.358389358083459	9.07198388865731
AT1G48300	10.344393559612227	10.637395138149301	9.432989760636918	9.218819749649072	8.703080117217013	8.553785493382561	9.725489462450655	8.745745464101796
AT1G51200	10.57523113687412	10.560934240941668	9.6145367783945	9.823775515942586	9.444920808163896	8.883091454185783	9.919585510624923	8.985030988886242
AT1G51400	8.111830758925962	8.472384749215149	9.153731239338773	9.882874947108967	9.88842756310174	10.692634208523664	8.526553575270379	10.160096182058414
AT1G52230	7.60751194594547	7.077975657507857	10.449938215862936	11.232960697046384	11.292971148701605	11.653374299690006	9.874131405634467	11.249942466102654
AT1G52870	6.704094011048562	7.22666388411853	9.338466945585893	9.712842519855208	9.339645053514513	9.100500231696714	9.534436684620834	9.011605599484032
AT1G54410	12.289674167733033	11.887510938748097	11.403598108460173	11.230520625613325	11.145807770529254	11.193305954681584	11.069221929892421	11.297870560829871
AT1G54780	6.75676793134279	6.406498546685796	9.01629307175509	9.508041984610117	9.50349308317591	9.846352781006406	9.05949740103888	9.61468103568609
AT1G55670	6.249200778952386	6.710838491398973	8.94914218501336	9.568105809657077	9.629090203700082	10.020407193363758	8.700738069434019	9.46660512259837
AT1G56220	11.116960394853235	11.19935941843967	8.047084653914162	7.431183832840319	7.269755059294876	8.036907598120028	8.226694349837901	8.091511552349873
AT1G56280	10.740341600450728	10.695330470292202	9.150953632593168	9.161332970912206	8.835989103148721	8.636118711034777	9.35269644395455	8.627683869669806
AT1G59870	8.934458144425653	9.262624468329177	9.565974566114214	7.795790616708069	7.984123886198473	9.523414791662011	9.632230242165045	10.238357850388464
AT1G60950	10.965470923988123	10.74195219207668	12.411520574777363	12.904622581287116	13.033509837949035	11.70471366437721	12.3892010451168	11.375269526986955
AT1G61520	11.18840147114501	12.10110739185314	10.687509014054791	12.022006624352738	12.042472838261666	13.218377082655977	10.257593645521633	12.928578806893064
AT1G62180	6.568349212427768	4.7121929371998625	6.822017251469599	9.607526790585606	9.6692524908515	6.7740675036579825	6.638829632743875	7.148723192137218
AT1G62380	10.061124675853184	8.437633893532592	6.518094754407036	6.65247816478091	6.394410075428062	6.761633061121134	6.349735660127907	7.326158198948
AT1G62480	11.498627138537493	10.395119456860309	4.14999213885522	3.0715515527963198	3.1465395745703018	3.644097572706759	2.9131351380756487	3.692247970568352
AT1G62750	8.240343172282484	8.131310856655428	9.24253422922751	9.470150414508636	9.540298504058358	8.424802060139072	9.256638974966872	8.357836962101644
AT1G64230	10.031690608409656	9.956311063865725	8.549117772770515	8.837673816696078	8.61700989300941	7.61721998677354	8.647058373811966	7.550996638717592
AT1G64360	9.38538076813237	9.988345972844584	9.213163200943663	9.444093130468207	9.009687236480534	9.076190955357673	9.400013519967352	9.618085310259342
AT1G64370	10.572486417168275	10.145492476753798	10.745303018161009	10.74139554714654	10.729650914298418	10.435629586649224	10.783242899199621	11.018172721747428
AT1G64500	5.169014557512821	4.931257584179829	7.262106236017344	9.334036804344102	9.18606721741429	6.137494102118906	7.373384471046103	6.038758907687779
AT1G64720	11.045567781473387	11.31907358981576	10.177753126782948	10.76574078656648	10.739607312592142	9.805548891477526	10.145328108709748	9.49363692175256
AT1G65930	9.555497920337665	9.839638610226539	7.700579776107866	8.07980911219181	8.405025521907946	6.3957767657674465	7.616222440136344	6.884236328699351
AT1G66200	8.23713919517909	8.256293735481409	9.024832017487734	9.516715819364727	9.426450858900457	8.123840985815248	9.170224892495364	8.404428641840283
AT1G67090	13.585410738455659	13.258952656408134	14.596221146309732	14.859122693032555	15.157377292268343	13.658662355651739	14.5166760951581	13.41978369899517
AT1G67740	9.800867252759339	9.729890587557616	10.615547211726994	11.457170227726865	11.47540415975259	11.555488502492041	10.624558327401205	11.31920394301105
AT1G67865	11.57406972423896	11.582771306174303	10.91106380475927	11.41262397061427	11.32549804430643	10.779610527091242	11.062223329201695	11.396716150675239
AT1G67870	9.70656202130798	9.553777255237495	9.329659486319253	9.605367748942323	9.728143618467584	8.948704361291902	9.19366599208323	9.42955423067743
AT1G68010	9.258198692807202	9.566752751137003	9.685257768340472	9.926100963000533	9.86867529174653	9.385456617416564	9.670088747890142	9.341410877800762
AT1G68520	9.669374001564368	9.358805257700595	9.112460402933879	7.972236578057106	8.077410686325058	7.5096391954749935	9.538928765721222	7.855694709085139
AT1G68530	8.349671813181288	7.424325070292283	9.306661090996878	8.998187046383574	8.875281776274251	9.240115447832588	9.461105688894586	9.393958336689776
AT1G70760	7.898280237632051	7.65796150129645	9.258831069521955	9.248639214471917	9.20818477309326	8.514513068813695	9.286888463801404	8.191324620742273
AT1G72150	10.236038624976834	10.363320766512354	8.193778691305791	7.1572931911903925	6.781689387240386	8.878034954897656	8.0109519021698	9.125969964744177
AT1G72610	11.469988010574461	8.793420508487344	12.424080815109901	11.636174392053345	11.887657182916973	11.123586135209507	11.93747726040035	11.215254425889128
AT1G72930	5.318967042827969	5.3561958039445665	8.663183376847172	7.491751705410169	7.682463385708966	9.314153413345611	8.394425471488013	9.677326062165445
AT1G73600	1.619883774350489	1.5384892882505736	7.545702122470983	9.018878301699111	9.102733653602675	9.620799875870055	7.853085799145139	10.099474246125405
AT1G73885	9.788860114414815	9.793881987437437	9.343699466951769	9.494431351030826	9.3753844718542	8.754536924189738	9.592905829615223	8.602498522639936
AT1G74470	8.916038988003328	9.33239096914955	9.692969895857283	10.428814122491907	10.504735666731424	10.198681731716285	9.186861816317997	9.734995663148187
AT1G75040	4.232547284860992	4.626627537671165	9.44173796326205	4.9544484694930535	9.280754170278879	8.981395303259154	7.726025668045797	9.002346572438055
AT1G75380	9.077934777984826	8.896408371183266	9.67390008364715	8.551062782646074	7.86516626996471	9.685593574388058	10.125704694259738	9.96115163774625
AT1G75460	7.268532360527785	6.712018710113837	8.78071175983382	8.780086591708182	8.637169023251866	9.628784803668601	8.807669738136102	9.138672404259976
AT1G75750	12.519852106733163	10.684811801876267	9.591112788543864	7.840593841320756	7.954184970007212	6.5509393041439905	9.270013327567717	6.931310489819904
AT1G76180	9.14338332766686	9.466299611038853	9.469707247296244	8.796792920493104	8.34855860090186	10.250096374234714	9.481841959786877	10.195787488765509
AT1G76490	9.694886252597911	9.708400602943282	7.067893235937499	7.058606203720784	6.97159834390303	6.485768998951211	6.9734780247589345	6.45016564754104
AT1G76960	0.7019097255743503	3.5167294395451734	9.670222890252171	7.65802461383668	8.36459179198285	10.706234571246704	9.659664412432221	11.333647556062616
AT1G78020	10.320682153599746	9.688063014330483	10.35185612652244	9.892259783415891	9.700176114288961	7.85575368146808	10.60058648092848	8.095224802821114
AT1G78460	9.458649093639195	9.506427882969115	6.984676054527618	6.563016565618022	6.031846967996512	7.262710130539009	7.5942732531598	7.27612033827307
AT1G79040	12.55166048767105	12.906737649468566	12.897963777106101	13.254544059295984	13.092696407453623	13.29053709056402	13.05592413211635	13.117572413873063
AT1G79850	8.846957422528286	8.35280133695749	9.045187389731705	9.114681534448119	9.343330043308693	8.267180621905204	9.18019326809872	8.145972852916437
AT1G80180	10.497374475966184	10.458155824860118	7.912240731560822	8.093932663388467	7.6968935755851104	7.979391923776614	8.069421667006528	8.110451233276079
AT1G80920	10.95069392862744	11.305226284662778	6.629531240528783	6.1596446483174905	5.889908845965362	9.528529000457354	6.842548787975006	9.769601775299572
AT2G05070	5.862398304974906	6.383668996442146	6.049358335961073	10.643206998905299	10.825472719270627	12.294246351841414	3.7484012194388177	11.657030687191302
AT2G05100	4.856576601888354	5.1707668089260315	6.209074813165071	11.629676199105836	11.497869505011742	12.160476071414017	4.6032486175522	11.78813669849781
AT2G05380	10.482882954867591	9.702497429173706	5.876689134447265	4.772690742940459	4.7452505032969	5.807388170372383	6.3517554104931016	6.210211798145854
AT2G05520	10.738984424181103	10.383180398263859	11.310572603760273	10.574457819103358	10.831988428886268	10.62192885361468	11.599109386307946	10.74871574026347
AT2G05620	8.768469291513636	8.597423033102482	9.344309792918688	10.289489968262048	10.097947334483925	9.04247297785007	9.578150316825043	8.977032973407347
AT2G06520	10.998180675609248	10.879448592747512	12.478853841112631	12.645105329628903	12.7168952288946	13.03416095160701	12.397209769220906	12.79142838114956
AT2G10940	9.149871868816776	6.164769835128972	8.930553503227909	8.884079612021212	9.490113896858851	7.3958389630394	7.609127603019818	5.580228429966564
AT2G13360	12.471265726866005	12.732567908170033	11.488464161267354	11.408283860821447	11.181529122073085	11.30504558879092	11.545930420856275	11.150820715620258
AT2G14560	1.854370394168498	5.176487129411017	10.085994509744918	6.936242306308297	6.953261964459106	9.740826802246088	9.550118064678008	10.862505849001433
AT2G14610	1.3631396122000226	4.182618922350902	8.516733760868975	2.2409978626238	7.97502542728683	9.266532850537734	6.170877263868438	9.284886056909036
AT2G15890	10.142817937408992	10.625266475596899	7.540376866263451	3.7705022231196534	3.9378119127795626	6.72476708606612	7.9233098611141095	7.026511915786932
AT2G15960	12.644891926748901	12.794966190542382	8.378559422806823	6.833160310595256	6.654499892502893	8.677031689239316	8.49821940283434	7.742193828772978
AT2G16600	9.861826692362369	10.087763071315585	10.412063712524935	8.454484255904612	8.861890577655608	10.475525230358045	10.192913438094152	10.94263882376997
AT2G20260	9.780652851763499	9.978642362295439	8.918528123699694	9.050179133625502	9.058630570841384	9.44897455629183	8.840020497447174	9.199598470283595
AT2G20670	8.978364119035323	9.783971924782476	1.6278112494612287	4.090871761005595	3.8995955704601353	4.886410630125353	1.5358949504956387	4.141062011714954
AT2G21330	8.390233600134819	8.697683799311118	10.892702757477728	11.759687588783843	11.728225015451404	10.379260290700158	10.881607335158385	10.299360490031123
AT2G21660	12.27340523505615	12.555710334050257	8.420137576590081	6.598293958525219	6.643861875203979	6.41101061491615	8.328748071043607	7.259973844334327
AT2G21970	7.705760867106675	7.3009465689884125	9.527868282607498	9.254946241589868	9.05357463292675	8.391333195666993	9.833119496490362	8.455645413856077
AT2G22430	9.039117679149456	9.200391904343116	8.596249828775886	7.943202471390269	7.567049829840174	9.76500291738437	8.816138605433176	9.715614311020609
AT2G23090	9.534983835579226	9.39892013002596	8.204680156166466	8.135534936860333	7.958665409781673	8.187362389690984	8.311112120635281	8.383258979728113
AT2G25510	9.587807267731838	9.993132983724088	12.75051454141424	11.259758071414169	11.87851837935508	12.475174777934475	12.703879123526642	13.01548922656049
AT2G26080	7.370928494530418	6.662232709803051	8.70677334081795	9.507070177290434	9.355958082676997	8.453519370650495	8.788683444736506	8.689536783833622
AT2G26500	11.91026602379743	11.93823211540521	11.625554814918889	11.63819605952888	11.549562237894234	10.887801735197703	11.770064096260969	10.634813498291685
AT2G26740	9.640428532320245	10.072522708776788	7.165016703401322	6.878091830855689	6.698862106061635	6.963016204296828	7.460691157755005	7.209108269153569
AT2G28910	9.547460117668772	9.519909193922361	8.331116809159527	8.551263082185425	8.371787261110049	8.274957079643213	8.508088724390133	8.199728506694766
AT2G29450	5.095664312892456	4.599991120233912	8.01331175767602	7.9283176065148755	8.2716120382435	9.619307272311044	8.535703837017891	8.315893673878554
AT2G29630	9.661476057187032	9.9775010540408	10.767322122599051	10.236564486167431	10.044991574995867	8.560021263964131	10.95141238392303	8.717303951409445
AT2G30570	9.357372893256262	9.565420112138034	11.296020852137218	11.858674530269695	11.815052712446818	12.229056733476284	11.324624182291593	11.917874627860831
AT2G30860	9.45674077935029	9.488113695923847	9.810060452132094	8.921668115263646	9.219435762807441	9.420378469214015	9.82493287956207	10.062806274320312
AT2G30870	9.337849429840816	8.922963953207505	9.449235914595956	8.075068714288136	8.213910471748122	8.570102533669392	9.94074215641187	8.580682676144479
AT2G30950	8.56615825798134	8.721974346524384	9.285254337872642	9.407680704564132	9.488993512246646	9.637721983700791	9.366875266049071	9.767706352605845
AT2G31880	6.392595976960266	7.184226821145283	8.815823848323769	6.785954945875107	7.666840627379033	8.976556904296578	8.517839006198484	9.847638630459693
AT2G33830	11.86916569500302	12.073039619639225	7.084324424344951	4.360742372211952	3.8174156918092064	4.418519381338636	6.966587157298755	5.266239891636625
AT2G34420	13.522439436992606	14.437944820914247	10.467666365095477	12.944326146296227	12.859671141802178	14.248725790370735	10.081378293290374	14.078111801513257
AT2G34430	13.364986247189115	13.944976771661928	8.377754483763947	6.700055567563623	7.1805232845642	11.319712802290494	6.649889747647818	10.058445299219173
AT2G35370	9.654244752737997	9.444841404583661	10.6942705238932	10.462539710960788	10.418991779858379	9.28400839783741	10.743158624180559	9.11156573243456
AT2G37220	9.551971670735817	9.593755723461506	9.479730494029502	9.24459972822132	9.61668426270555	8.725205961431328	9.572560519434386	8.475518440503663
AT2G38230	8.848291763684282	9.760323551085756	8.62591383038477	9.186381753535885	9.062465449115859	8.600421194662498	8.810986408544037	8.43482790660219
AT2G38540	5.587786034410694	5.7982624067388295	9.06162991636249	8.570940026359704	9.03453948465821	9.845182834411334	8.513719076779587	9.020085491779884
AT2G39570	9.662080055941475	9.6469659584607	7.431964828861893	7.135103221729906	6.454645329554608	5.681476380231485	7.687568596129575	5.620758269817594
AT2G39730	10.554958157185316	10.81888886057293	13.33331014282503	13.958513871533274	13.93187235349371	12.875267838341728	13.320510680471159	12.758687249969988
AT2G41090	8.997796334767415	8.903529909952875	11.613833412264627	10.318939204330407	10.383030752915584	11.129313477041189	11.503011544659662	11.579732750086661
AT2G41100	9.098566627406308	9.683338301264136	8.418315975553258	6.477535402705141	6.750640216183962	8.659432122938409	8.732999066993873	8.866711282329199
AT2G41430	12.272512828881041	12.249468718850476	10.653520415560918	9.508775834483712	8.833972486090111	10.950295145981352	11.091526352267973	11.062527477339913
AT2G43970	9.244291558622288	9.286176439535536	9.362489923672003	8.997146787542727	8.965636887480818	8.874920761829904	9.5772188485114	9.219075189611553
AT2G45180	13.49202252179983	12.869847673119008	11.234425465453526	10.769298953601481	10.737277646571629	11.282340474070182	11.815872582401859	11.520421491520562
AT2G45960	9.46352201404056	9.542321989708045	9.51995479576726	11.02254860335128	11.071249919536509	9.520643933519889	9.32791894986854	9.339532087786258
AT2G46220	9.756988310423454	10.046137904895723	7.057313895068599	7.261697262558902	7.488167333199006	8.38024516155471	6.789643563155835	8.169384802533195
AT2G46600	9.229228589594987	10.32937596529678	8.581901218545475	7.219103845134817	7.736698766542382	9.025724095356452	8.521009370309645	9.064434963427344
AT2G46820	8.312071929626677	8.29860376678314	9.892898469139118	10.42595545441854	10.420372079976657	10.609134398185162	9.877990763460618	10.154883367318824
AT2G46830	0.2097539323349576	0.2934911236656537	3.31697886723087	9.34566285143118	9.120302737743788	5.491085638240007	3.8919260091697105	5.3740250595401005
AT2G47400	11.669568899642115	11.750996312652186	11.148177863893713	11.008486033558667	10.982806245330494	10.942569253385996	11.34516702352321	10.83096200905948
AT3G01500	7.850002185071492	8.324876861466315	11.270596610160249	11.071422477080919	11.394951100991586	9.889993391741458	10.636011389334293	9.008138419311459
AT3G02380	7.521771309522241	6.947187076315187	4.379449489520294	9.612223654058369	9.539659056456792	4.876985350015572	4.503730873723947	4.41590784825677
AT3G02470	11.69980060797859	11.523153338641988	10.213796190361	10.782265977107988	10.843834926122192	9.819189032569687	10.602261418782932	9.995622464735154
AT3G02730	6.714538394192418	6.172277177678943	9.66888342399595	9.597771852027018	9.516903752814395	9.622473825728878	9.84618925983423	9.622135544567373
AT3G08580	8.907756012079274	8.697190164253392	9.787502680889128	9.29976034901395	9.493031755980173	9.188324750698495	9.689363723743877	9.394188884881443
AT3G08940	9.478027685548255	10.640360415127253	9.608185750580688	11.490493176603552	11.516430115578306	12.462441993244898	8.707466925949108	11.954779747214134
AT3G09390	11.521253129522925	11.799971688588263	11.14968015043139	9.494456647460186	9.527594478086641	9.759358456318193	11.642844574698945	9.963808817463605
AT3G10985	10.505244065326409	11.040124463689933	7.533768764225765	6.283215497062665	5.874536938769847	8.451180527935147	7.850509945284024	8.600424887546765
AT3G11630	7.871475373834937	7.7022202490244975	8.939530733754593	9.112288472837825	9.31631036014286	8.206761323765562	8.77506750256906	8.02787768776578
AT3G12120	9.416724113563912	9.28713095963698	9.51716118943913	9.59502831059691	9.605088672120466	8.428254027216376	9.379114194668299	8.071849026136865
AT3G12630	9.844525896355771	9.400084733052758	8.098805774607127	7.837777209535806	7.521445458851772	7.334555115264622	8.249561438164966	7.401409909471572
AT3G12780	9.585815315412114	9.68637769126311	10.835973107889265	10.633323993938207	10.955106761394802	9.762499216634952	10.838253398912856	9.731621465062315
AT3G13750	9.57161914204796	8.963798706815409	6.510315394204586	6.380217242511674	6.468792654528415	6.082829613363691	6.078797530078422	6.118568622018342
AT3G14210	8.618766993295475	9.934007639976764	10.2895106262864	9.946765123707662	10.271017030182493	10.146897294377755	9.782817385997953	9.345459435918187
AT3G14415	9.456485316061888	9.205605907609982	9.868501731678608	9.868054911833424	9.82815578018091	8.92508280869259	10.03783188320481	8.924473103539535
AT3G14420	9.885526684196726	10.302105666321564	11.162070067874293	11.330960001097536	11.216780615021143	10.508052014259306	11.31032186657683	10.370973033990426
AT3G14990	10.321233050043862	10.484035433745586	6.914022179928439	6.436250447512391	6.347192538717375	3.761489173953057	6.54229693688132	4.580335830386303
AT3G15353	13.182956583366805	13.215401737312076	11.987491976818264	12.48295069339424	12.289732513924314	11.782204471100716	12.24019477703194	12.378815230434569
AT3G15360	7.872199229511101	7.748658037789797	9.11570800122336	8.999070254720996	8.991486820608001	9.383042655793083	9.289297244506827	9.407150158239066
AT3G15450	11.935028631759211	12.23551746054432	3.193407953859063	3.152126657110097	2.83761765694839	5.120517007707741	2.9331484447679257	5.633986853547315
AT3G15840	7.458671112677664	7.354816317345771	9.324882989385394	8.573339809228436	8.517397770922171	9.074170623223866	9.507027448661237	9.104386921776632
AT3G16140	9.306196632584342	9.686892967328223	10.40420640422341	10.855071488651562	10.78309838377237	11.014378944189664	10.096947530512022	10.790775258304096
AT3G16570	9.391766598422175	8.41428519071756	8.219477975388878	7.633039794458016	7.3408830594422385	7.187950860274166	8.260518150601039	7.163666695927853
AT3G16640	12.11500565778729	11.726796304028104	10.545431129010266	10.600451843142329	10.422822031593922	9.803967059470596	10.624922913800933	9.812327168906569
AT3G16770	13.478193830641668	13.093971078541207	5.208624594616067	6.267029630510312	5.546016579794737	6.896629544628516	5.190956276575054	6.9009536026888405
AT3G18490	6.182605852724301	6.3374800751271065	9.068178128244494	9.490466198505182	9.342519492092974	9.35269340383019	8.77022135378129	9.509759352946963
AT3G18780	10.289920032761785	10.6053404379344	10.022191041446634	9.971060796975648	9.927811471824386	8.817545302537676	10.052751747121855	9.062884384906083
AT3G21055	9.70967593125312	9.346815433411555	11.048654275509367	11.178398652320624	11.377325442241192	11.161062014890568	10.623851643320064	10.686157743786357
AT3G22120	9.512842024225014	8.884852591323423	7.462918038105372	7.320520074654732	8.057922766950599	4.681529740636195	6.4638243604474	5.001037658061804
AT3G22231	0.43389515679358337	4.440127837375722	11.31350919112587	8.016767733099876	8.62173234238995	10.701575329566673	10.617897926194898	11.550858564744386
AT3G22235	3.115844311672785	4.548094556899802	9.322521880970237	6.794249735064618	7.087413341827972	9.018255089556067	8.731182162918492	9.712573581066488
AT3G22960	9.451165384113624	9.488476772581931	7.057388677774004	6.7654920841201225	6.666963198823046	6.551453691459445	6.842017504449219	6.733203807751235
AT3G23000	6.126210961278278	4.881071624630655	8.065305440347535	9.347057644298594	9.048492001718737	7.474898540571866	8.212569011528688	7.697280618477387
AT3G25760	5.523619872984139	5.988101370733232	7.095939922557011	6.322243121753535	6.511252054953454	9.54567330323359	8.578552362298826	8.611947783593127
AT3G25770	4.996465587573949	6.266350933744161	8.67077790328451	6.017960133127524	6.7741440178772	10.193561751465188	9.725164059552332	9.543887734704263
AT3G26520	11.732833035789701	12.10686014868297	8.79913383038167	9.098848911517816	9.47516011052384	9.61595883905504	8.32297750145074	9.046592515083935
AT3G26650	11.00558450042411	10.991230471558744	11.879745365694092	11.895225165807176	11.953453368218167	10.900386013068506	11.619715954847084	10.681040499812825
AT3G26740	10.07028483824408	11.361876410679551	10.875948851973751	7.009864305226542	6.8758366348321704	10.601120870234679	10.802096489201027	10.616125314548167
AT3G27690	4.419015977631852	4.721207281610016	5.9102315234913645	8.482611116480099	8.622972241268622	10.80236517411223	3.685295579440687	8.857566648675276
AT3G27830	8.133382353166926	7.646529583105236	9.316950754407054	9.363466020677265	9.577405298888483	8.769686086309044	9.286548909153739	8.63790128842248
AT3G27850	9.324861220161448	8.963612638269431	9.40979762340803	9.31499202857499	9.613115570351892	8.312307385513002	9.28852517577528	8.108342722985668
AT3G28270	3.205865793518165	1.1966861512573095	8.539716052593644	8.569982365982579	8.270606462515055	7.637113633994036	9.380586587786878	7.776452844741508
AT3G28940	8.693937795690422	8.958173157722797	9.907165796014386	8.758084437395203	8.540149638350053	8.889670619244969	10.156975470391215	9.327408918185462
AT3G30775	10.13493008102085	9.130628166570265	5.866703606073493	5.0197100588111745	3.416969055530201	3.153093399692518	7.0683824993097195	4.02027588445789
AT3G44310	8.270939627411282	9.429299450679087	9.53936573531504	9.936424188161713	9.92753299083133	10.771267177770726	9.481996489716117	10.724000591043561
AT3G44860	0.09474315531100709	0.7422022697589106	5.6381445132995305	5.513954702295745	5.701373427940235	9.633485936916195	7.326005992065241	9.089730447899113
AT3G45140	2.5491150324902723	4.285194326630684	9.760197008293252	7.959525876151291	8.92573585902553	10.325664218021013	10.41624977077042	10.004577944842852
AT3G46780	7.482229206052373	8.249429870062913	8.753431161188397	9.344277363481954	9.441228024612665	9.402450046802603	8.256440610346223	8.810836102447755
AT3G47070	9.346227431435109	8.47988019152173	10.771022918456188	11.158057987808169	10.981456811621804	10.495719799788091	11.0216231465145	10.311478632780315
AT3G47340	9.856837303434364	10.607753249254552	0.0777821234996345	0.05870120818699977	0.05514095846365755	1.1212832517756628	0.11133664615590755	0.7912161589151397
AT3G47470	9.373129914850761	10.569595373986562	9.946434208581602	12.370972268599207	12.346503246419829	13.308483718915257	9.122204285952945	12.962783228449124
AT3G48140	9.532599938451416	9.247012468700989	7.792733156535389	7.473306458428109	7.47005869162734	7.8499818592961494	7.915486826165803	8.161167033783432
AT3G48360	8.306825986791038	9.283661866027114	3.1058657102799154	0.7892838597590669	0.8456446101428602	0.40834962350879755	2.200164142991454	0.4785072844305002
AT3G48740	9.286307219729245	8.659864018715531	7.8970189283404855	8.704843517621711	8.502123634056547	6.314104124204806	7.351420259387804	7.036101893292063
AT3G48990	9.56870557531695	9.745841956659092	6.729152479350896	6.632262137094256	6.849540667462994	7.083037211818997	6.872477651396964	7.684086949785486
AT3G49910	9.445909147105377	8.873646922330217	8.2453076990796	7.952613252337702	8.293057135163243	7.524071456661029	8.132800749162632	7.955352656006484
AT3G50480	9.83161085175247	9.770482571704166	9.567697894465455	6.882401895247565	7.4832533335947105	8.918369577334367	9.752302081132488	9.36600134906506
AT3G50820	8.626020395441529	8.959336424689594	10.469183728411956	10.575624553255826	10.614675677650721	10.8514281281387	10.295815739203816	10.511599868906474
AT3G51000	8.136693575082807	9.291711236877012	6.586009211368701	6.22495355520319	5.9883875049052	6.8941626576774055	6.693505254586134	7.280597934055616
AT3G51600	11.018725460112899	10.302876383250133	10.30100764485732	9.8145388607742	9.623128360697914	9.882516308466398	10.636835134054508	9.738147607063384
AT3G51730	9.197052290683853	9.65318302586889	7.841020102892743	7.966352498212053	7.69276945140171	7.4316358720074405	7.973998976554385	7.666777798349355
AT3G53420	6.675922047407267	7.0873247581515075	8.959362313466338	10.55438566051731	10.519148245083404	9.801505674178728	8.802266951716067	9.53517505172009
AT3G53460	9.898330343420906	9.771387305958829	7.897398354155822	6.839559779399514	7.597127620647	5.752309650354695	7.923302508800585	5.607271682802938
AT3G54050	8.662898020136698	8.847302660659288	10.197418917203342	10.305255522926478	10.312826571748234	9.563613546051869	10.128946113842403	9.348274141014864
AT3G54210	8.899806150066407	8.538606062130503	9.185869240291641	9.229003732137851	9.362844311869521	8.322594896842714	9.130335312267846	8.14401479366914
AT3G54500	2.5677155257994797	3.3930039598552164	4.292128771828089	9.66523912812098	9.272454768812489	7.189031971447325	4.657256106339514	6.988303680380231
AT3G54890	10.88080733876556	11.885912324060632	9.691194000849528	11.448023366053551	11.404097369512334	12.900015124764423	9.30442879785384	12.41927300366292
AT3G55800	8.583385060752548	8.362559760336731	10.663871879469344	10.834892881371482	10.869578572458334	9.67648269876155	10.572474280436513	9.548768234346293
AT3G56360	9.56503821868483	9.562541589731044	8.307192847998287	7.993849829501813	7.6173975317033085	8.516404804266953	8.706906425044286	8.47387879510983
AT3G56910	8.312720778763605	7.924706275586672	9.222748946304089	9.417849302103205	9.531268728051323	8.219958407674296	9.294699577979344	7.896977391409532
AT3G56940	7.668898289017447	8.388857229630569	9.471152804540896	11.15745807643137	11.218042080152744	10.639827355364261	9.011632816873439	10.276569411554613
AT3G57260	2.989507547927629	4.370618390236498	9.873005532407147	4.626160703471307	9.281880104363884	9.97525745189156	8.859007102699715	10.303022898787026
AT3G57520	9.035149976005325	9.465942838642269	7.49674887055049	6.840554048003235	6.256065679407288	4.583182064215732	8.261327701919342	4.51868226820155
AT3G60750	9.16977276390918	8.840688716442843	10.654619037191127	10.279213801237816	10.42535043772677	9.622153361530083	10.411233091010464	9.63625823918123
AT3G61260	9.783917111260884	9.875157013476715	6.901492773396256	6.744966838134336	6.4940602779930625	7.544542976108375	7.031805685501244	7.3069094265406545
AT3G61440	10.12392465634175	10.118475296324924	8.69236821280511	8.982669056916047	8.925481574489948	8.046262998012114	8.77148774504276	8.407917214862318
AT3G61470	10.729450049270051	11.320241644638749	11.150133052299314	11.76653990873957	11.781964522080077	12.326487332753748	10.722974849293726	12.043835302267475
AT3G62290	10.733247884978418	10.619319715495683	8.748655742139103	8.793025150195877	8.483777363026004	7.927202369334053	8.771803751257773	8.059155874947692
AT3G62410	10.27431043820841	9.990711569161117	11.64823016676749	11.409222335163461	11.38644460942339	10.53004611967068	11.92074006533629	10.427190759076717
AT3G62650	9.818922135502657	10.162741339742034	7.374580008115583	6.759481955050265	6.497523253595513	7.4953119083680715	7.622273079091765	7.69574797287242
AT3G63140	7.598425660153651	7.446918126815009	9.56995509368936	9.80709610894135	9.829683574081079	9.005874604595007	9.658999621914372	8.819446630764945
AT3G63160	10.882385597030643	10.216920711036481	11.363669794299634	10.10847822106331	10.568826489719832	8.157104338738272	11.4191398773123	7.101205112573129
AT3G63410	8.115509098369557	7.868791989179333	9.036844476663218	9.197488009177729	9.385340871081612	8.627548301732004	9.05104570039297	8.53746970644286
AT3G63540	9.181016990724627	8.795909128847615	9.147308475451478	9.24500487350502	9.203390412084891	8.678767292688448	9.30411622703592	8.542735344304335
AT4G01150	9.170802124873402	9.322628768087446	10.539519940589031	10.72729105451493	10.746929357382589	10.26403696972591	10.526980819959991	9.860440344785024
AT4G02380	9.257425639540884	9.640787085898848	7.539531289992503	5.254419764839282	5.859618645246554	7.197175310760196	7.675332646531681	7.990161993441343
AT4G02520	11.971217439986084	12.463942242572998	9.956229441225783	7.572647551214874	8.219297384497201	9.650079315800394	9.281958510814189	10.646365048506704
AT4G02770	9.853325409492756	9.665038206789106	11.337275666339242	11.947761055081052	11.907947304984141	12.609508417089112	11.214225900318402	12.334586567167642
AT4G03280	9.93284541307873	9.767114956041747	10.711105422291503	10.730239811816435	10.737552694040978	10.289616338213099	10.767749258075433	10.157793269665495
AT4G04020	3.5510494040056577	3.3135982443024132	6.177153042973564	6.724248898236988	6.603682555532912	10.832850087200514	6.225748516917702	10.70200511674326
AT4G04640	9.298443949549613	9.198752556310568	10.983956478915264	11.05536477132335	11.213709165264627	10.790438513375888	10.962704378891663	10.70827941235989
AT4G05050	9.659368397052399	9.9048958699867	10.205958193531618	10.177693919987272	10.263226680982472	10.423804279173908	10.224184448437867	10.786382952944093
AT4G05070	9.180572797043032	9.319337517564138	6.964235670717427	8.268638281503595	8.211764745026464	8.527757946280511	7.226520491687474	8.5342451196537
AT4G05180	9.858136580351314	11.030301609617762	10.655452751852147	11.209911780356046	11.235220183218992	11.94413998656613	10.190483717121777	11.603180392224475
AT4G05320	11.708834524420531	11.83419726647742	11.45149715281342	11.052278121876276	10.951881638412974	11.653879860478446	11.802927972255565	12.135659529727326
AT4G08870	1.8568986421304505	2.292893443661072	6.2690584598184875	6.677308454257924	7.013877220397682	9.289401268760411	7.277651227318699	9.480902698626977
AT4G09650	8.610109321326977	7.767028018914262	10.644048894240019	10.765281620181467	10.930831041791262	10.48794693660836	10.277916798487842	10.044147871299417
AT4G10340	10.32500419655214	11.187041523046572	11.228467287712308	12.4299286023419	12.521658859679045	12.981758993686649	10.721182438150592	12.530569339520117
AT4G12800	9.74030086236488	10.22231739075735	11.1995831508467	11.882853121666672	11.853695460933935	12.392828501532872	10.971044370615035	12.139489469349694
AT4G13940	9.356173369116156	9.08431127472606	9.08518192078924	8.941806021284487	9.048248180041766	8.347933638583733	9.022032869828726	8.397297332828996
AT4G14400	6.82366352599615	7.091977465159954	9.733775785428131	8.189666904345469	8.565278179085272	9.171885634211238	9.530351712570303	9.87221334924324
AT4G15545	9.206312564838177	9.17629037357517	9.223491904271096	9.282680237809812	9.216026970824718	8.642614785393697	9.175605465319382	8.609392536018179
AT4G16190	11.295295972739538	11.740171791381407	9.804025105121067	9.23103605580323	8.925544129235549	9.702891919801228	9.862773425839931	9.9476096080396
AT4G17090	6.964417640420843	6.421510399755075	10.896119034397593	11.101553869270264	11.02161127303296	7.323347982318118	11.226829498151218	7.528913058752726
AT4G19170	5.4726756828183625	5.994852244991774	7.602439467718415	9.322844436579302	8.94061799456776	10.468906921193716	7.608189540796653	10.499622344620883
AT4G20260	9.361409654822843	8.195176754602922	8.434346322245386	7.637312439587352	7.12720035151147	8.244770889816389	8.622324668316894	8.339472915443118
AT4G20360	10.211851781682245	9.767986279637988	10.485043677456396	10.655703062867408	10.776614546817013	9.98566624862958	10.501036966547542	9.981401265811465
AT4G21280	8.277227886391142	8.072775772358879	10.571364486323088	10.684093704363429	10.770656580646799	10.297830830469206	10.218226592072627	10.038024167339406
AT4G21960	10.013642797530812	10.10170230527629	11.384833026897427	10.995637183023359	10.67626456591872	11.189360055449109	11.413513526218521	11.384950990318146
AT4G22240	7.403071893473609	7.022521694013532	8.12050351215802	8.341845131396965	8.010447875423134	9.286128996085989	8.304259744371143	9.340034463899885
AT4G23670	2.6644184408618967	3.7294256877203873	9.735245102910689	9.094709830177184	8.967832104931816	10.223942880272457	9.732014073522889	10.222705755468024
AT4G23890	8.907305501949981	9.34168330380348	8.669000408180283	8.659438351807694	8.494868659207109	8.768587866459006	8.702842846131713	8.619486241586268
AT4G24770	8.885165189993662	8.56025076542713	8.951191787812041	9.070925954585604	9.294394821422415	8.466468843700483	8.846093081954757	8.064624840308204
AT4G25100	9.034530296638644	9.309825051286245	9.175727804314365	9.656844961879976	9.938507229706872	9.957128970248034	8.902819228674995	10.086054257368536
AT4G26850	6.905625115435367	6.124144351905633	9.522012255760687	11.258206895687609	11.006482121059726	7.9370016712204325	9.821369580503367	7.7668268335619794
AT4G27450	9.033572780842027	9.681957019341136	3.3005123521592017	3.5442350961095443	3.248784963499168	5.534916979252076	2.6298550563558636	5.590417026295403
AT4G28240	9.936052387244523	10.085818691664782	8.050705577606276	8.048401337803183	7.620399664004548	9.853634555752004	8.422321856579158	9.697600405988139
AT4G28750	7.407931984230914	8.2241775450448	8.780077606029906	9.528858944512809	9.538136072534131	10.040630990747413	8.566925355218604	9.50921729152772
AT4G30270	10.035082434103417	9.838548407253676	7.960278957757867	6.752345913067576	6.085716105850335	9.443270152509315	7.8808018937793145	10.53563985024009
AT4G31500	8.548435561309892	8.531422403187628	9.338439166698238	8.56763123180618	8.660130801570253	8.727525771383435	9.541928875344425	9.203671106418735
AT4G32020	8.506463547606408	8.236324943982224	8.676053158640546	9.262854413631448	8.730029957157834	9.577147898268512	8.897014113008	9.630594646232668
AT4G32260	10.759788914261954	10.825673515830937	11.550597950312785	11.683779289489326	11.63291286583569	11.175149545640217	11.700692820635243	11.121523012662967
AT4G32940	8.149563439961392	8.330953575396697	9.140735914741496	9.329221201407863	7.631719729955365	8.801494337908338	9.775827072584626	9.473452315657191
AT4G33010	8.781742480919236	9.230051555073352	11.181485697408444	11.233800171184699	10.983295017927784	10.829216521703446	11.297442418304506	10.911320682257749
AT4G34620	10.200250240683669	9.84144035541005	9.027732982411738	9.28503854787064	9.44072980729531	8.01737522365955	9.013630237962959	7.721030366528455
AT4G34870	9.580632721721368	9.357132673007772	8.954354658869905	8.62970621786581	8.645615679073195	8.512169056000475	8.80584259976076	8.934833617368358
AT4G35090	6.20487864412093	6.880511121769135	9.585724826437735	12.008619426225517	11.88124918586397	10.276111120174686	9.52234488610948	10.476641363841031
AT4G35750	9.830185416568499	10.78384335257069	8.362555518832393	7.4023557954056605	7.186847481625579	7.17467333845284	8.46928977189465	7.528174081781349
AT4G35770	13.17912426252977	13.450807731306078	2.6963376537424324	2.4612808963579877	1.454767816930441	5.112256282379477	3.1039267936912296	4.838698175949192
AT4G36040	10.53560465149745	10.244173636124113	6.214345366893031	6.769374207501009	6.496428049801844	9.866845699407529	6.886214156932023	9.902926952201046
AT4G36500	7.46603075056294	7.809300009490793	8.95560173671196	8.310475908731817	7.6710057940383685	9.277854080200518	9.36361673123694	8.944805600843292
AT4G37300	10.517706160552697	10.407342168122447	7.555228550685737	7.442656427323419	7.508170104343039	7.539515716767795	7.480684655374335	7.513581042046205
AT4G37930	8.995435062730637	9.018941579169708	11.399071710627187	11.454831621385088	11.456904085948588	10.884504413255568	11.56141393018913	10.870525933481334
AT4G38740	8.519591394330822	7.8995228642662045	9.174137002151973	9.862690833731468	9.902439592336616	9.522548185961796	9.018772714061498	9.983649052578665
AT4G38970	9.685782794810125	9.345639384506146	11.529360369330055	11.931631773855154	11.950406606617815	11.347760231967866	11.63853526859534	11.200938429037306
AT4G39090	10.612727277206432	10.741204079117278	9.415321900212072	7.748257142136139	7.580743650519416	9.142348357146055	9.594003353534395	9.588646046455413
AT4G39260	9.901541292325579	9.937299687079562	7.539598565039698	6.438573005733034	6.342539849298178	7.350052425686287	7.486927084775236	7.680622684039558
AT4G39800	5.454666156966448	5.090330354556003	9.198550415801034	9.839861904530304	9.652856411349472	8.303649106779677	9.08428460342504	8.010599289149502
AT4G40040	9.616839919785019	9.58834199663355	8.924442952088361	8.771459316665599	8.55689746558489	8.313500345608196	9.0001815565062	8.438134520794133
AT5G01530	10.887406568154685	11.259127076260782	11.164775509940789	11.635269676364976	11.713291526043468	12.24038638369193	10.893528843603631	11.942386125693583
AT5G02120	6.71864137883717	6.207820168196706	8.67355352301986	9.353918788559481	9.256290184881703	8.106998438360037	8.700538672448225	7.885607511295269
AT5G02160	10.262880363541871	10.552224259267705	8.464350350024883	8.124919992456029	8.25099905672596	8.53633312300314	7.932976528662429	7.6532325347815116
AT5G02380	11.998187581082878	11.717148432071877	11.534769470218219	12.041627506029988	11.797685796451947	11.294594768651137	11.39769653152508	12.089284026425966
AT5G02500	10.486654599495505	9.569602308471172	10.400586972891233	10.318966860519101	10.531603167359469	10.064315815450586	10.480379430290622	9.8923222544259
AT5G03240	11.444477007600689	11.839224798596788	10.340422856846905	9.889874195036391	9.706881010509363	8.87716091860291	10.207587240438158	9.056286510792706
AT5G04140	7.114478616872858	6.98920619198742	9.364598066019735	9.510674427413697	9.604996502396373	8.665753493174993	9.145441342579698	8.832800181127292
AT5G09660	9.460037111273273	9.600777653635715	10.77708445939566	10.817198890645992	10.666100464422772	10.420810141871286	10.889817017818075	10.259379834318157
AT5G10380	4.396191678787532	5.5961543610034985	8.688001605242713	6.176147583175618	9.637341521682885	8.257625791374895	7.691751241664868	8.564198371602512
AT5G10450	10.196934463724546	10.374674799550396	8.375743992666099	8.325472935706498	8.116582776511404	7.897807175886082	8.473578141258608	8.065675037550148
AT5G10760	2.500133816881095	3.7643869624232824	8.964515839932092	5.362697100226407	7.586207569495983	8.49820325914511	8.12594615046404	9.373916272553053
AT5G10860	10.227250677674345	10.52556417611735	7.719353379222641	7.046800290694644	6.762537250533647	7.019058727251797	7.77420364213335	7.38457797647646
AT5G11740	7.829290945465439	6.097150913164954	10.185018020114219	8.489414816407209	8.343188023926844	10.373681724571716	10.045384185898545	10.221151351978245
AT5G13630	6.060338128190535	6.125486583307334	8.438054571612671	10.502997594568013	10.588325749591725	9.333230521296867	7.7682774137523625	9.042192951751776
AT5G14740	10.110421224157973	9.962692102580753	8.687981104496966	8.820742563448466	9.202733196325607	7.771883788366101	8.087570449133509	7.137535066704173
AT5G14780	10.465834207466317	11.028349242787794	6.943568639826304	7.0837358606620695	6.8646707572665235	6.680028446008817	7.017519002888939	7.007712681143868
AT5G14920	9.738807788088646	8.645640576122885	3.931137811450237	2.8938222229237	3.190209903286362	3.521988482730076	3.4709914426952233	4.4555146589467896
AT5G15950	5.933495670098713	4.252133681010488	5.70953365238946	10.64222577978319	10.562140145199539	5.436231526856632	5.814378762607135	5.557648542444234
AT5G15970	3.7148259385814075	5.839341669627572	8.966262200599001	7.962173468998472	8.323296397525159	9.514502706775351	9.075031859128664	8.898954231731736
AT5G16470	10.032279111483374	10.03617640546479	8.405253541428895	8.285012099739822	8.210879410875263	8.181702860843577	8.597577475759087	8.34775983534807
AT5G18380	9.29551284199603	8.800857023340866	8.292306799925342	7.962043804852427	8.303190942915528	7.821253907631095	8.265269136461137	7.959525642331704
AT5G19120	8.667009020470301	9.388149062485173	1.9685378076731916	1.6709923554563328	1.6084818549240048	4.6095439230460205	2.0756096187744175	5.164398519493275
AT5G19140	8.450916198775776	8.34558972663432	8.552485937695701	8.6429507525514	8.155312262423616	9.665757232462951	8.85177439798982	9.966033295880486
AT5G19240	5.528172592572528	5.077269709933482	8.499583600653336	8.509304832231093	8.454144839622046	8.860032990429486	8.267015020903921	9.377343705076909
AT5G19940	8.908969788569355	9.378746249554997	8.601860529942817	9.412339261724636	9.316295492245043	9.768292080044162	8.54059710959426	9.498371442419353
AT5G20190	6.042719292242815	6.414593713989805	8.804890853277238	9.4106275879237	8.873590640638204	8.811604317186774	9.63567434164823	8.599655507590423
AT5G20250	10.727046878378736	10.193966975426823	5.732321559361668	3.1395645527508558	2.9748572035428364	4.364820794588978	6.418507984311458	5.223399125048117
AT5G20700	9.592250836010233	9.375246627015047	10.675140402781413	10.362996804898595	10.189135841346273	9.555282333002435	10.915476357343314	9.650762252977598
AT5G21020	11.181924751420413	11.271331829621893	9.662097960500866	9.968289104622853	9.616292058478685	9.17397358184411	10.116672237465163	9.06549932946796
AT5G23060	6.089310311282317	6.425885787052619	9.581917983206987	10.203572757593241	10.267814896480113	8.88524611927208	9.537168029650596	8.767726107489766
AT5G23240	7.7379729071767835	7.537915621804084	9.109871085504698	5.197558793468711	5.228595677111861	5.0191633939379345	9.50527344677919	5.543604488608949
AT5G24490	9.893473027047927	10.043510920419436	6.922449232961352	6.9327234027253954	7.218745124650731	6.597926696463601	6.809186390320913	6.23533878711971
AT5G25350	8.576019267314116	9.285847579545926	5.80763784682941	5.7054416385413225	5.397844908821072	5.466736650835283	6.151198108933194	5.702013898476256
AT5G25610	4.047041881586107	4.567049765460837	8.617572951168876	8.606562376224657	8.846764110608847	10.111684406812222	8.44333567700996	9.884746506241449
AT5G25980	8.378910795753448	8.768611490697566	9.547439715303312	7.765587358206657	8.082636411760694	8.330252206472737	6.8689864860611785	7.524943319410525
AT5G26000	8.416709537682015	8.412838205537447	10.86506892480524	9.655918625685095	9.46497776478614	9.016833069137032	8.440590191324988	8.584810437712477
AT5G28840	9.48623595141412	9.046357550851948	8.464138159074919	8.848969512127322	8.763671039603944	7.184123580319705	8.618371048101539	7.249064279558501
AT5G35630	9.215637538993523	8.808819121241104	10.878147193186825	10.80151316616704	10.971517282392142	9.876831506099714	10.729263755400321	9.998837719320232
AT5G38410	10.687641260723561	9.886492027888249	12.885672917290474	12.937947481669811	13.055939900732735	12.39115064627709	12.624564953593932	11.998559482645955
AT5G38420	11.199437519158602	10.5882734759021	12.885523258981026	12.512811789032284	12.823720308613083	11.71466359713284	12.723026361098604	11.012340770686446
AT5G38430	10.350322322798483	9.703313839664633	11.668490955320069	11.973096508307641	12.284891956398182	9.435566585313982	11.708013596320928	9.319006167329519
AT5G38980	8.437688666742535	8.64579841467073	10.897016277053181	10.434551056898112	10.394409550110074	9.641134779583144	10.92115219346662	10.135337312847456
AT5G41700	10.4230452224744	10.348526922667581	8.730746465496898	9.04432138859252	8.482448105956195	8.796522725441726	8.820658859516215	8.650500398449484
AT5G42300	9.654190776166436	9.511532208845646	9.74475332341946	9.452349210502176	9.473493300426021	9.614771990514482	9.926968212827997	9.843367382371008
AT5G42530	11.903238279327683	12.021618215780665	12.02093925626485	10.529077885830011	11.063124112471659	12.377497231120579	11.9499873585677	12.844398609770778
AT5G42650	5.453203679309514	6.235447177416411	8.42265802112702	8.339345136186743	8.386598977684795	10.141317386777985	9.32727375860124	9.49668345337569
AT5G42980	10.274430447811428	10.185528511416038	10.326328333584069	10.343369541935271	10.307146708126924	10.023059674865438	10.36167139548773	10.485339528847259
AT5G46110	8.844283499540543	9.211064397018975	9.800637295181238	9.969491090567534	9.942864003706216	10.138340146002934	9.4974667104444	9.979378909704037
AT5G47110	8.90923829430402	8.661131112671717	9.48419251680112	9.870354083157933	9.736130074623865	8.57082208421587	9.525258299015857	8.459799603157393
AT5G50920	9.998729369091473	10.157997348896258	9.587332329207651	9.654662494308415	9.559205115497862	9.970872777221716	9.657354336153135	10.141274980427907
AT5G51970	9.721652339599185	9.883680101119209	8.345460871705832	8.070058690719893	8.09332369329522	7.09675304752188	8.47519605311424	7.305099462816675
AT5G53160	9.509360829313648	9.595708122979405	6.924430597627719	6.421492110041778	6.367277270564509	5.749360866858432	7.097261445621329	6.200298002393704
AT5G53300	10.518881743483785	10.388650888051398	8.961442464980477	8.863735601332783	8.714410351972747	8.665319949904934	9.044477389297224	8.858725519698833
AT5G54080	8.910672389001496	9.68503180030424	5.210299543704214	5.0271644882587765	4.332440771257364	5.236484467882713	5.464943665722039	5.362080793601606
AT5G54270	9.808818992388964	11.185925533774073	9.013966821403807	12.259657336017279	12.300953141236665	13.538201342698374	7.697467497053467	12.968294107771824
AT5G54770	12.470365922285922	12.59708709598019	12.725097419895437	12.238571312954454	12.197783678909218	12.427376400267226	12.939368328730295	12.736605246759462
AT5G54940	11.142784253989818	10.853870723766407	10.226964253015312	9.912731156656651	9.557416919086958	10.729853451173788	10.923153084278715	11.079470257640128
AT5G56870	8.62618286244457	9.3174817686956	2.5651295319329543	1.5940942531223	1.8891210178554498	1.9110172491058388	2.3686214006873025	2.507659895335039
AT5G57660	6.089122149895727	8.49104367629854	5.3755718808806305	8.288476186779624	8.38175101728437	9.300761173183927	5.435578785154667	9.21752766139395
AT5G60360	9.259782998532346	9.526325652617272	9.570920225451273	9.249445654786108	9.0592956607393	9.548816732301905	9.623446674669571	9.883662762993268
AT5G60390	9.828371617320276	9.39987990899595	9.732231589824215	9.158186465983759	9.62617171589439	9.254180149374049	9.652009170272917	9.566478805251608
AT5G61410	8.476761788751203	8.41327514113637	9.429172619995452	9.647364810220623	9.752056751949352	9.176362147213126	9.428955869171512	9.099511922771635
AT5G61590	10.245062741585034	9.668301105882378	8.221355781282872	7.468924328354644	6.670509633132789	8.047051037514812	8.961185808227993	8.730039233200824
AT5G64040	10.131496981235022	10.361330115180749	10.368409096733416	11.694322745166692	11.642223934324402	11.693255351753962	9.980509641213118	11.16591652947247
AT5G64260	9.18342892510176	9.283614362593786	5.692440411656818	3.4242061715725907	4.05418337807096	6.436928523535504	5.620667414317685	6.454828894475282
AT5G64840	5.6536545049012545	5.465961407473663	8.171646237779612	9.747248689132114	9.517640136180605	9.065507069706067	8.34061932829765	8.989333141051958
AT5G66040	10.429519903507884	10.355089851035642	9.670654312101162	9.068987835987373	8.889371159870427	8.74668405571376	9.962482818783089	9.00729913710695
AT5G66052	9.422323533550646	9.109317781895529	10.044339241318538	9.534416846070991	9.134968285891654	4.729652545559846	10.35713826438512	4.448064588666425
AT5G66053	8.723393673335742	8.017629989165968	9.798977412894486	9.117700006313088	8.659916236424994	4.461902468172268	10.145432193893164	3.9496867051430637
AT5G66190	8.305792419765172	7.990740553805409	10.473378750489289	10.402949022056058	10.426920039764193	9.884505498128211	10.545980665920029	9.74843630861333
AT5G66570	11.473665994066712	12.0630360234491	11.868618388694557	12.469671769764139	12.453479963549642	12.538505452623848	11.65388802099125	12.291486526828496
AT5G67030	3.6666281965724123	4.359451165178644	6.663604802794108	9.28334583265323	8.966281823231006	8.906028685614862	6.703466389672809	8.857187299716003
